date,price,,,,,,,,,
2012/7/4,6.50 ,,,,,,,,,
2012/7/5,6.70 ,,,,,,,,,
2012/7/6,6.70 ,,,,,,,,,
2012/7/7,6.80 ,,,,,,,,,
2012/7/8,6.80 ,,,,,,,,,
2012/7/9,7.00 ,,,,,,,,,
2012/7/10,7.20 ,,,,,,,,,
2012/7/11,7.20 ,,,,,,,,,
2012/7/12,7.80 ,,,,,,,,,
2012/7/13,7.70 ,,,,,,,,,
2012/7/14,7.50 ,,,,,,,,,
2012/7/15,7.60 ,,,,,,,,,
2012/7/16,8.50 ,,,,,,,,,
2012/7/17,8.80 ,,,,,,,,,
2012/7/18,9.10 ,,,,,,,,,
2012/7/19,8.90 ,,,,,,,,,
2012/7/20,8.50 ,,,,,,,,,
2012/7/21,8.90 ,,,,,,,,,
2012/7/22,8.40 ,,,,,,,,,
2012/7/23,8.40 ,,,,,,,,,
2012/7/24,8.60 ,,,,,,,,,
2012/7/25,8.80 ,,,,,,,,,
2012/7/26,8.90 ,,,,,,,,,
2012/7/27,8.90 ,,,,,,,,,
2012/7/28,8.90 ,,,,,,,,,
2012/7/29,8.70 ,,,,,,,,,
2012/7/30,9.10 ,,,,,,,,,
2012/7/31,9.40 ,,,,,,,,,
2012/8/1,9.60 ,,,,,,,,,
2012/8/2,10.50 ,,,,,,,,,
2012/8/3,11.00 ,,,,,,,,,
2012/8/4,11.00 ,,,,,,,,,
2012/8/5,10.90 ,,,,,,,,,
2012/8/6,10.90 ,,,,,,,,,
2012/8/7,11.10 ,,,,,,,,,
2012/8/8,11.10 ,,,,,,,,,
2012/8/9,11.10 ,,,,,,,,,
2012/8/10,11.40 ,,,,,,,,,
2012/8/11,11.50 ,,,,,,,,,
2012/8/12,11.60 ,,,,,,,,,
2012/8/13,12.00 ,,,,,,,,,
2012/8/14,12.20 ,,,,,,,,,
2012/8/15,13.30 ,,,,,,,,,
2012/8/16,13.50 ,,,,,,,,,
2012/8/17,11.60 ,,,,,,,,,
2012/8/18,11.60 ,,,,,,,,,
2012/8/19,8.00 ,,,,,,,,,
2012/8/20,10.10 ,,,,,,,,,
2012/8/21,9.90 ,,,,,,,,,
2012/8/22,9.80 ,,,,,,,,,
2012/8/23,10.10 ,,,,,,,,,
2012/8/24,10.60 ,,,,,,,,,
2012/8/25,10.50 ,,,,,,,,,
2012/8/26,10.60 ,,,,,,,,,
2012/8/27,10.90 ,,,,,,,,,
2012/8/28,10.90 ,,,,,,,,,
2012/8/29,10.90 ,,,,,,,,,
2012/8/30,10.80 ,,,,,,,,,
2012/8/31,10.20 ,,,,,,,,,
2012/9/1,10.00 ,,,,,,,,,
2012/9/2,10.20 ,,,,,,,,,
2012/9/3,10.50 ,,,,,,,,,
2012/9/4,10.40 ,,,,,,,,,
2012/9/5,11.00 ,,,,,,,,,
2012/9/6,11.20 ,,,,,,,,,
2012/9/7,11.00 ,,,,,,,,,
2012/9/8,11.00 ,,,,,,,,,
2012/9/9,11.00 ,,,,,,,,,
2012/9/10,11.20 ,,,,,,,,,
2012/9/11,11.30 ,,,,,,,,,
2012/9/12,11.40 ,,,,,,,,,
2012/9/13,11.40 ,,,,,,,,,
2012/9/14,11.70 ,,,,,,,,,
2012/9/15,11.80 ,,,,,,,,,
2012/9/16,11.90 ,,,,,,,,,
2012/9/17,11.90 ,,,,,,,,,
2012/9/18,12.30 ,,,,,,,,,
2012/9/19,12.60 ,,,,,,,,,
2012/9/20,12.30 ,,,,,,,,,
2012/9/21,12.40 ,,,,,,,,,
2012/9/22,12.20 ,,,,,,,,,
2012/9/23,12.20 ,,,,,,,,,
2012/9/24,12.10 ,,,,,,,,,
2012/9/25,12.20 ,,,,,,,,,
2012/9/26,12.30 ,,,,,,,,,
2012/9/27,12.30 ,,,,,,,,,
2012/9/28,12.40 ,,,,,,,,,
2012/9/29,12.40 ,,,,,,,,,
2012/9/30,12.40 ,,,,,,,,,
2012/10/1,12.40 ,,,,,,,,,
2012/10/2,12.80 ,,,,,,,,,
2012/10/3,12.90 ,,,,,,,,,
2012/10/4,12.90 ,,,,,,,,,
2012/10/5,12.70 ,,,,,,,,,
2012/10/6,12.50 ,,,,,,,,,
2012/10/7,11.80 ,,,,,,,,,
2012/10/8,11.80 ,,,,,,,,,
2012/10/9,11.90 ,,,,,,,,,
2012/10/10,12.10 ,,,,,,,,,
2012/10/11,12.00 ,,,,,,,,,
2012/10/12,12.00 ,,,,,,,,,
2012/10/13,11.90 ,,,,,,,,,
2012/10/14,11.70 ,,,,,,,,,
2012/10/15,11.80 ,,,,,,,,,
2012/10/16,11.90 ,,,,,,,,,
2012/10/17,11.80 ,,,,,,,,,
2012/10/18,11.90 ,,,,,,,,,
2012/10/19,11.70 ,,,,,,,,,
2012/10/20,11.70 ,,,,,,,,,
2012/10/21,11.60 ,,,,,,,,,
2012/10/22,11.70 ,,,,,,,,,
2012/10/23,11.60 ,,,,,,,,,
2012/10/24,11.60 ,,,,,,,,,
2012/10/25,10.90 ,,,,,,,,,
2012/10/26,10.20 ,,,,,,,,,
2012/10/27,10.30 ,,,,,,,,,
2012/10/28,10.70 ,,,,,,,,,
2012/10/29,10.60 ,,,,,,,,,
2012/10/30,10.90 ,,,,,,,,,
2012/10/31,11.20 ,,,,,,,,,
2012/11/1,10.60 ,,,,,,,,,
2012/11/2,10.50 ,,,,,,,,,
2012/11/3,10.60 ,,,,,,,,,
2012/11/4,10.80 ,,,,,,,,,
2012/11/5,10.80 ,,,,,,,,,
2012/11/6,10.90 ,,,,,,,,,
2012/11/7,10.90 ,,,,,,,,,
2012/11/8,10.90 ,,,,,,,,,
2012/11/9,10.80 ,,,,,,,,,
2012/11/10,10.90 ,,,,,,,,,
2012/11/11,10.90 ,,,,,,,,,
2012/11/12,11.00 ,,,,,,,,,
2012/11/13,10.90 ,,,,,,,,,
2012/11/14,10.90 ,,,,,,,,,
2012/11/15,11.20 ,,,,,,,,,
2012/11/16,11.80 ,,,,,,,,,
2012/11/17,11.80 ,,,,,,,,,
2012/11/18,11.60 ,,,,,,,,,
2012/11/19,11.80 ,,,,,,,,,
2012/11/20,11.70 ,,,,,,,,,
2012/11/21,11.80 ,,,,,,,,,
2012/11/22,12.40 ,,,,,,,,,
2012/11/23,12.40 ,,,,,,,,,
2012/11/24,12.40 ,,,,,,,,,
2012/11/25,12.50 ,,,,,,,,,
2012/11/26,12.30 ,,,,,,,,,
2012/11/27,12.20 ,,,,,,,,,
2012/11/28,12.40 ,,,,,,,,,
2012/11/29,12.40 ,,,,,,,,,
2012/11/30,12.60 ,,,,,,,,,
2012/12/1,12.60 ,,,,,,,,,
2012/12/2,12.50 ,,,,,,,,,
2012/12/3,12.70 ,,,,,,,,,
2012/12/4,13.40 ,,,,,,,,,
2012/12/5,13.40 ,,,,,,,,,
2012/12/6,13.30 ,,,,,,,,,
2012/12/7,13.50 ,,,,,,,,,
2012/12/8,13.40 ,,,,,,,,,
2012/12/9,13.40 ,,,,,,,,,
2012/12/10,13.40 ,,,,,,,,,
2012/12/11,13.60 ,,,,,,,,,
2012/12/12,13.70 ,,,,,,,,,
2012/12/13,13.70 ,,,,,,,,,
2012/12/14,13.60 ,,,,,,,,,
2012/12/15,13.50 ,,,,,,,,,
2012/12/16,13.30 ,,,,,,,,,
2012/12/17,13.30 ,,,,,,,,,
2012/12/18,13.30 ,,,,,,,,,
2012/12/19,13.60 ,,,,,,,,,
2012/12/20,13.50 ,,,,,,,,,
2012/12/21,13.50 ,,,,,,,,,
2012/12/22,13.40 ,,,,,,,,,
2012/12/23,13.30 ,,,,,,,,,
2012/12/24,13.40 ,,,,,,,,,
2012/12/25,13.40 ,,,,,,,,,
2012/12/26,13.50 ,,,,,,,,,
2012/12/27,13.40 ,,,,,,,,,
2012/12/28,13.40 ,,,,,,,,,
2012/12/29,13.40 ,,,,,,,,,
2012/12/30,13.40 ,,,,,,,,,
2012/12/31,13.50 ,,,,,,,,,
2013/1/1,13.30 ,,,,,,,,,
2013/1/2,13.30 ,,,,,,,,,
2013/1/3,13.40 ,,,,,,,,,
2013/1/4,13.50 ,,,,,,,,,
2013/1/5,13.40 ,,,,,,,,,
2013/1/6,13.40 ,,,,,,,,,
2013/1/7,13.60 ,,,,,,,,,
2013/1/8,13.70 ,,,,,,,,,
2013/1/9,13.80 ,,,,,,,,,
2013/1/10,14.10 ,,,,,,,,,
2013/1/11,14.10 ,,,,,,,,,
2013/1/12,14.20 ,,,,,,,,,
2013/1/13,14.10 ,,,,,,,,,
2013/1/14,14.30 ,,,,,,,,,
2013/1/15,14.30 ,,,,,,,,,
2013/1/16,14.70 ,,,,,,,,,
2013/1/17,15.50 ,,,,,,,,,
2013/1/18,15.70 ,,,,,,,,,
2013/1/19,15.60 ,,,,,,,,,
2013/1/20,15.70 ,,,,,,,,,
2013/1/21,16.80 ,,,,,,,,,
2013/1/22,17.30 ,,,,,,,,,
2013/1/23,17.50 ,,,,,,,,,
2013/1/24,16.90 ,,,,,,,,,
2013/1/25,17.40 ,,,,,,,,,
2013/1/26,17.90 ,,,,,,,,,
2013/1/27,17.80 ,,,,,,,,,
2013/1/28,18.70 ,,,,,,,,,
2013/1/29,19.50 ,,,,,,,,,
2013/1/30,19.70 ,,,,,,,,,
2013/1/31,20.40 ,,,,,,,,,
2013/2/1,20.50 ,,,,,,,,,
2013/2/2,19.60 ,,,,,,,,,
2013/2/3,20.60 ,,,,,,,,,
2013/2/4,20.40 ,,,,,,,,,
2013/2/5,20.60 ,,,,,,,,,
2013/2/6,21.20 ,,,,,,,,,
2013/2/7,22.10 ,,,,,,,,,
2013/2/8,22.70 ,,,,,,,,,
2013/2/9,23.60 ,,,,,,,,,
2013/2/10,24.00 ,,,,,,,,,
2013/2/11,24.60 ,,,,,,,,,
2013/2/12,25.20 ,,,,,,,,,
2013/2/13,24.20 ,,,,,,,,,
2013/2/14,27.20 ,,,,,,,,,
2013/2/15,27.10 ,,,,,,,,,
2013/2/16,27.20 ,,,,,,,,,
2013/2/17,26.80 ,,,,,,,,,
2013/2/18,27.00 ,,,,,,,,,
2013/2/19,29.40 ,,,,,,,,,
2013/2/20,29.60 ,,,,,,,,,
2013/2/21,29.80 ,,,,,,,,,
2013/2/22,30.30 ,,,,,,,,,
2013/2/23,29.80 ,,,,,,,,,
2013/2/24,29.90 ,,,,,,,,,
2013/2/25,30.40 ,,,,,,,,,
2013/2/26,31.10 ,,,,,,,,,
2013/2/27,30.90 ,,,,,,,,,
2013/2/28,33.40 ,,,,,,,,,
2013/3/1,34.50 ,,,,,,,,,
2013/3/2,34.30 ,,,,,,,,,
2013/3/3,34.50 ,,,,,,,,,
2013/3/4,36.20 ,,,,,,,,,
2013/3/5,40.30 ,,,,,,,,,
2013/3/6,41.00 ,,,,,,,,,
2013/3/7,42.00 ,,,,,,,,,
2013/3/8,44.20 ,,,,,,,,,
2013/3/9,46.80 ,,,,,,,,,
2013/3/10,46.00 ,,,,,,,,,
2013/3/11,48.40 ,,,,,,,,,
2013/3/12,44.30 ,,,,,,,,,
2013/3/13,46.90 ,,,,,,,,,
2013/3/14,47.20 ,,,,,,,,,
2013/3/15,47.00 ,,,,,,,,,
2013/3/16,47.00 ,,,,,,,,,
2013/3/17,47.40 ,,,,,,,,,
2013/3/18,51.60 ,,,,,,,,,
2013/3/19,59.10 ,,,,,,,,,
2013/3/20,64.50 ,,,,,,,,,
2013/3/21,70.80 ,,,,,,,,,
2013/3/22,69.90 ,,,,,,,,,
2013/3/23,64.30 ,,,,,,,,,
2013/3/24,71.50 ,,,,,,,,,
2013/3/25,73.60 ,,,,,,,,,
2013/3/26,78.50 ,,,,,,,,,
2013/3/27,88.90 ,,,,,,,,,
2013/3/28,86.20 ,,,,,,,,,
2013/3/29,90.50 ,,,,,,,,,
2013/3/30,92.20 ,,,,,,,,,
2013/3/31,93.00 ,,,,,,,,,
2013/4/1,104.00 ,,,,,,,,,
2013/4/2,118.00 ,,,,,,,,,
2013/4/3,135.00 ,,,,,,,,,
2013/4/4,132.10 ,,,,,,,,,
2013/4/5,142.30 ,,,,,,,,,
2013/4/6,142.60 ,,,,,,,,,
2013/4/7,162.30 ,,,,,,,,,
2013/4/8,187.50 ,,,,,,,,,
2013/4/9,230.00 ,,,,,,,,,
2013/4/10,165.00 ,,,,,,,,,
2013/4/11,124.90 ,,,,,,,,,
2013/4/12,117.00 ,,,,,,,,,
2013/4/13,93.00 ,,,,,,,,,
2013/4/14,90.00 ,,,,,,,,,
2013/4/15,82.40 ,,,,,,,,,
2013/4/16,68.40 ,,,,,,,,,
2013/4/17,93.10 ,,,,,,,,,
2013/4/18,109.00 ,,,,,,,,,
2013/4/19,118.50 ,,,,,,,,,
2013/4/20,126.60 ,,,,,,,,,
2013/4/21,119.20 ,,,,,,,,,
2013/4/22,127.40 ,,,,,,,,,
2013/4/23,143.50 ,,,,,,,,,
2013/4/24,154.20 ,,,,,,,,,
2013/4/25,141.70 ,,,,,,,,,
2013/4/26,136.90 ,,,,,,,,,
2013/4/27,128.00 ,,,,,,,,,
2013/4/28,134.40 ,,,,,,,,,
2013/4/29,144.00 ,,,,,,,,,
2013/4/30,139.20 ,,,,,,,,,
2013/5/1,116.40 ,,,,,,,,,
2013/5/2,106.30 ,,,,,,,,,
2013/5/3,98.10 ,,,,,,,,,
2013/5/4,112.90 ,,,,,,,,,
2013/5/5,116.00 ,,,,,,,,,
2013/5/6,112.30 ,,,,,,,,,
2013/5/7,109.60 ,,,,,,,,,
2013/5/8,113.20 ,,,,,,,,,
2013/5/9,112.80 ,,,,,,,,,
2013/5/10,117.70 ,,,,,,,,,
2013/5/11,115.60 ,,,,,,,,,
2013/5/12,114.80 ,,,,,,,,,
2013/5/13,118.00 ,,,,,,,,,
2013/5/14,111.40 ,,,,,,,,,
2013/5/15,114.20 ,,,,,,,,,
2013/5/16,118.20 ,,,,,,,,,
2013/5/17,123.50 ,,,,,,,,,
2013/5/18,123.20 ,,,,,,,,,
2013/5/19,122.50 ,,,,,,,,,
2013/5/20,122.00 ,,,,,,,,,
2013/5/21,122.90 ,,,,,,,,,
2013/5/22,123.80 ,,,,,,,,,
2013/5/23,126.30 ,,,,,,,,,
2013/5/24,133.10 ,,,,,,,,,
2013/5/25,132.00 ,,,,,,,,,
2013/5/26,133.50 ,,,,,,,,,
2013/5/27,129.80 ,,,,,,,,,
2013/5/28,129.00 ,,,,,,,,,
2013/5/29,132.30 ,,,,,,,,,
2013/5/30,128.80 ,,,,,,,,,
2013/5/31,128.80 ,,,,,,,,,
2013/6/1,129.30 ,,,,,,,,,
2013/6/2,122.50 ,,,,,,,,,
2013/6/3,120.70 ,,,,,,,,,
2013/6/4,121.40 ,,,,,,,,,
2013/6/5,121.90 ,,,,,,,,,
2013/6/6,119.00 ,,,,,,,,,
2013/6/7,111.00 ,,,,,,,,,
2013/6/8,107.90 ,,,,,,,,,
2013/6/9,100.40 ,,,,,,,,,
2013/6/10,106.30 ,,,,,,,,,
2013/6/11,109.00 ,,,,,,,,,
2013/6/12,108.80 ,,,,,,,,,
2013/6/13,103.90 ,,,,,,,,,
2013/6/14,100.00 ,,,,,,,,,
2013/6/15,99.80 ,,,,,,,,,
2013/6/16,99.90 ,,,,,,,,,
2013/6/17,101.90 ,,,,,,,,,
2013/6/18,107.30 ,,,,,,,,,
2013/6/19,108.30 ,,,,,,,,,
2013/6/20,111.30 ,,,,,,,,,
2013/6/21,109.50 ,,,,,,,,,
2013/6/22,108.20 ,,,,,,,,,
2013/6/23,107.90 ,,,,,,,,,
2013/6/24,102.10 ,,,,,,,,,
2013/6/25,103.30 ,,,,,,,,,
2013/6/26,104.00 ,,,,,,,,,
2013/6/27,101.70 ,,,,,,,,,
2013/6/28,94.70 ,,,,,,,,,
2013/6/29,95.00 ,,,,,,,,,
2013/6/30,97.50 ,,,,,,,,,
2013/7/1,88.10 ,,,,,,,,,
2013/7/2,90.40 ,,,,,,,,,
2013/7/3,78.90 ,,,,,,,,,
2013/7/4,80.00 ,,,,,,,,,
2013/7/5,68.50 ,,,,,,,,,
2013/7/6,69.70 ,,,,,,,,,
2013/7/7,76.50 ,,,,,,,,,
2013/7/8,76.00 ,,,,,,,,,
2013/7/9,76.70 ,,,,,,,,,
2013/7/10,88.00 ,,,,,,,,,
2013/7/11,89.00 ,,,,,,,,,
2013/7/12,94.00 ,,,,,,,,,
2013/7/13,98.30 ,,,,,,,,,
2013/7/14,94.40 ,,,,,,,,,
2013/7/15,98.90 ,,,,,,,,,
2013/7/16,97.10 ,,,,,,,,,
2013/7/17,98.50 ,,,,,,,,,
2013/7/18,90.10 ,,,,,,,,,
2013/7/19,92.00 ,,,,,,,,,
2013/7/20,89.80 ,,,,,,,,,
2013/7/21,92.00 ,,,,,,,,,
2013/7/22,91.60 ,,,,,,,,,
2013/7/23,95.60 ,,,,,,,,,
2013/7/24,95.10 ,,,,,,,,,
2013/7/25,96.90 ,,,,,,,,,
2013/7/26,96.00 ,,,,,,,,,
2013/7/27,94.40 ,,,,,,,,,
2013/7/28,98.80 ,,,,,,,,,
2013/7/29,101.50 ,,,,,,,,,
2013/7/30,108.00 ,,,,,,,,,
2013/7/31,106.20 ,,,,,,,,,
2013/8/1,104.00 ,,,,,,,,,
2013/8/2,104.50 ,,,,,,,,,
2013/8/3,104.90 ,,,,,,,,,
2013/8/4,105.10 ,,,,,,,,,
2013/8/5,106.70 ,,,,,,,,,
2013/8/6,106.60 ,,,,,,,,,
2013/8/7,106.00 ,,,,,,,,,
2013/8/8,103.10 ,,,,,,,,,
2013/8/9,102.80 ,,,,,,,,,
2013/8/10,103.00 ,,,,,,,,,
2013/8/11,105.00 ,,,,,,,,,
2013/8/12,106.80 ,,,,,,,,,
2013/8/13,109.60 ,,,,,,,,,
2013/8/14,112.60 ,,,,,,,,,
2013/8/15,110.00 ,,,,,,,,,
2013/8/16,109.00 ,,,,,,,,,
2013/8/17,112.80 ,,,,,,,,,
2013/8/18,113.40 ,,,,,,,,,
2013/8/19,118.50 ,,,,,,,,,
2013/8/20,121.20 ,,,,,,,,,
2013/8/21,123.30 ,,,,,,,,,
2013/8/22,122.00 ,,,,,,,,,
2013/8/23,118.50 ,,,,,,,,,
2013/8/24,119.60 ,,,,,,,,,
2013/8/25,122.10 ,,,,,,,,,
2013/8/26,120.10 ,,,,,,,,,
2013/8/27,131.30 ,,,,,,,,,
2013/8/28,128.80 ,,,,,,,,,
2013/8/29,129.30 ,,,,,,,,,
2013/8/30,138.00 ,,,,,,,,,
2013/8/31,141.00 ,,,,,,,,,
2013/9/1,146.00 ,,,,,,,,,
2013/9/2,144.00 ,,,,,,,,,
2013/9/3,144.00 ,,,,,,,,,
2013/9/4,132.50 ,,,,,,,,,
2013/9/5,130.20 ,,,,,,,,,
2013/9/6,121.90 ,,,,,,,,,
2013/9/7,129.00 ,,,,,,,,,
2013/9/8,126.30 ,,,,,,,,,
2013/9/9,133.10 ,,,,,,,,,
2013/9/10,132.60 ,,,,,,,,,
2013/9/11,142.10 ,,,,,,,,,
2013/9/12,139.40 ,,,,,,,,,
2013/9/13,140.70 ,,,,,,,,,
2013/9/14,136.70 ,,,,,,,,,
2013/9/15,138.30 ,,,,,,,,,
2013/9/16,139.40 ,,,,,,,,,
2013/9/17,139.10 ,,,,,,,,,
2013/9/18,140.40 ,,,,,,,,,
2013/9/19,135.10 ,,,,,,,,,
2013/9/20,133.80 ,,,,,,,,,
2013/9/21,134.40 ,,,,,,,,,
2013/9/22,134.00 ,,,,,,,,,
2013/9/23,133.40 ,,,,,,,,,
2013/9/24,134.80 ,,,,,,,,,
2013/9/25,135.00 ,,,,,,,,,
2013/9/26,137.10 ,,,,,,,,,
2013/9/27,138.90 ,,,,,,,,,
2013/9/28,142.50 ,,,,,,,,,
2013/9/29,143.90 ,,,,,,,,,
2013/9/30,141.90 ,,,,,,,,,
2013/10/1,140.30 ,,,,,,,,,
2013/10/2,123.00 ,,,,,,,,,
2013/10/3,131.00 ,,,,,,,,,
2013/10/4,136.80 ,,,,,,,,,
2013/10/5,136.70 ,,,,,,,,,
2013/10/6,137.80 ,,,,,,,,,
2013/10/7,135.80 ,,,,,,,,,
2013/10/8,136.50 ,,,,,,,,,
2013/10/9,139.50 ,,,,,,,,,
2013/10/10,140.40 ,,,,,,,,,
2013/10/11,140.10 ,,,,,,,,,
2013/10/12,142.90 ,,,,,,,,,
2013/10/13,147.50 ,,,,,,,,,
2013/10/14,151.40 ,,,,,,,,,
2013/10/15,158.10 ,,,,,,,,,
2013/10/16,152.80 ,,,,,,,,,
2013/10/17,157.60 ,,,,,,,,,
2013/10/18,168.30 ,,,,,,,,,
2013/10/19,183.10 ,,,,,,,,,
2013/10/20,186.10 ,,,,,,,,,
2013/10/21,192.80 ,,,,,,,,,
2013/10/22,203.00 ,,,,,,,,,
2013/10/23,228.00 ,,,,,,,,,
2013/10/24,207.00 ,,,,,,,,,
2013/10/25,197.90 ,,,,,,,,,
2013/10/26,188.60 ,,,,,,,,,
2013/10/27,206.90 ,,,,,,,,,
2013/10/28,206.90 ,,,,,,,,,
2013/10/29,216.00 ,,,,,,,,,
2013/10/30,208.00 ,,,,,,,,,
2013/10/31,211.20 ,,,,,,,,,
2013/11/1,213.40 ,,,,,,,,,
2013/11/2,211.70 ,,,,,,,,,
2013/11/3,224.00 ,,,,,,,,,
2013/11/4,238.20 ,,,,,,,,,
2013/11/5,251.30 ,,,,,,,,,
2013/11/6,264.10 ,,,,,,,,,
2013/11/7,309.60 ,,,,,,,,,
2013/11/8,355.00 ,,,,,,,,,
2013/11/9,367.80 ,,,,,,,,,
2013/11/10,336.30 ,,,,,,,,,
2013/11/11,363.00 ,,,,,,,,,
2013/11/12,380.00 ,,,,,,,,,
2013/11/13,434.90 ,,,,,,,,,
2013/11/14,433.40 ,,,,,,,,,
2013/11/15,433.90 ,,,,,,,,,
2013/11/16,462.00 ,,,,,,,,,
2013/11/17,528.30 ,,,,,,,,,
2013/11/18,785.40 ,,,,,,,,,
2013/11/19,645.70 ,,,,,,,,,
2013/11/20,638.00 ,,,,,,,,,
2013/11/21,764.90 ,,,,,,,,,
2013/11/22,802.00 ,,,,,,,,,
2013/11/23,832.50 ,,,,,,,,,
2013/11/24,795.00 ,,,,,,,,,
2013/11/25,830.00 ,,,,,,,,,
2013/11/26,970.00 ,,,,,,,,,
2013/11/27,1079.90 ,,,,,,,,,
2013/11/28,1101.40 ,,,,,,,,,
2013/11/29,1206.90 ,,,,,,,,,
2013/11/30,1205.70 ,,,,,,,,,
2013/12/1,1004.40 ,,,,,,,,,
2013/12/2,1096.60 ,,,,,,,,,
2013/12/3,1154.90 ,,,,,,,,,
2013/12/4,1237.60 ,,,,,,,,,
2013/12/5,1106.30 ,,,,,,,,,
2013/12/6,845.00 ,,,,,,,,,
2013/12/7,697.00 ,,,,,,,,,
2013/12/8,804.00 ,,,,,,,,,
2013/12/9,919.00 ,,,,,,,,,
2013/12/10,1033.70 ,,,,,,,,,
2013/12/11,919.90 ,,,,,,,,,
2013/12/12,900.00 ,,,,,,,,,
2013/12/13,936.80 ,,,,,,,,,
2013/12/14,908.90 ,,,,,,,,,
2013/12/15,919.90 ,,,,,,,,,
2013/12/16,759.90 ,,,,,,,,,
2013/12/17,715.00 ,,,,,,,,,
2013/12/18,541.00 ,,,,,,,,,
2013/12/19,732.00 ,,,,,,,,,
2013/12/20,650.00 ,,,,,,,,,
2013/12/21,640.50 ,,,,,,,,,
2013/12/22,639.50 ,,,,,,,,,
2013/12/23,713.20 ,,,,,,,,,
2013/12/24,702.80 ,,,,,,,,,
2013/12/25,707.30 ,,,,,,,,,
2013/12/26,802.00 ,,,,,,,,,
2013/12/27,803.00 ,,,,,,,,,
2013/12/28,762.00 ,,,,,,,,,
2013/12/29,785.00 ,,,,,,,,,
2013/12/30,804.80 ,,,,,,,,,
2013/12/31,805.90 ,,,,,,,,,
2014/1/1,815.90 ,,,,,,,,,
2014/1/2,856.90 ,,,,,,,,,
2014/1/3,884.30 ,,,,,,,,,
2014/1/4,924.70 ,,,,,,,,,
2014/1/5,1014.70 ,,,,,,,,,
2014/1/6,1012.70 ,,,,,,,,,
2014/1/7,879.90 ,,,,,,,,,
2014/1/8,938.80 ,,,,,,,,,
2014/1/9,937.00 ,,,,,,,,,
2014/1/10,957.80 ,,,,,,,,,
2014/1/11,1005.30 ,,,,,,,,,
2014/1/12,939.80 ,,,,,,,,,
2014/1/13,922.90 ,,,,,,,,,
2014/1/14,919.30 ,,,,,,,,,
2014/1/15,941.20 ,,,,,,,,,
2014/1/16,913.50 ,,,,,,,,,
2014/1/17,894.20 ,,,,,,,,,
2014/1/18,905.70 ,,,,,,,,,
2014/1/19,954.80 ,,,,,,,,,
2014/1/20,956.00 ,,,,,,,,,
2014/1/21,962.20 ,,,,,,,,,
2014/1/22,951.00 ,,,,,,,,,
2014/1/23,944.20 ,,,,,,,,,
2014/1/24,916.50 ,,,,,,,,,
2014/1/25,961.00 ,,,,,,,,,
2014/1/26,1007.00 ,,,,,,,,,
2014/1/27,943.50 ,,,,,,,,,
2014/1/28,932.70 ,,,,,,,,,
2014/1/29,925.70 ,,,,,,,,,
2014/1/30,941.40 ,,,,,,,,,
2014/1/31,938.80 ,,,,,,,,,
2014/2/1,940.40 ,,,,,,,,,
2014/2/2,953.30 ,,,,,,,,,
2014/2/3,931.70 ,,,,,,,,,
2014/2/4,926.60 ,,,,,,,,,
2014/2/5,904.50 ,,,,,,,,,
2014/2/6,828.90 ,,,,,,,,,
2014/2/7,695.70 ,,,,,,,,,
2014/2/8,648.80 ,,,,,,,,,
2014/2/9,659.60 ,,,,,,,,,
2014/2/10,582.60 ,,,,,,,,,
2014/2/11,579.00 ,,,,,,,,,
2014/2/12,531.10 ,,,,,,,,,
2014/2/13,451.40 ,,,,,,,,,
2014/2/14,427.70 ,,,,,,,,,
2014/2/15,371.10 ,,,,,,,,,
2014/2/16,299.80 ,,,,,,,,,
2014/2/17,272.30 ,,,,,,,,,
2014/2/18,294.00 ,,,,,,,,,
2014/2/19,261.50 ,,,,,,,,,
2014/2/20,111.90 ,,,,,,,,,
2014/2/21,111.60 ,,,,,,,,,
2014/2/22,255.60 ,,,,,,,,,
2014/2/23,310.20 ,,,,,,,,,
2014/2/24,174.00 ,,,,,,,,,
2014/2/25,135.80 ,,,,,,,,,
2014/2/26,593.10 ,,,,,,,,,
2014/2/27,596.50 ,,,,,,,,,
2014/2/28,573.90 ,,,,,,,,,
2014/3/1,557.40 ,,,,,,,,,
2014/3/2,544.60 ,,,,,,,,,
2014/3/3,662.20 ,,,,,,,,,
2014/3/4,661.80 ,,,,,,,,,
2014/3/5,658.30 ,,,,,,,,,
2014/3/6,648.30 ,,,,,,,,,
2014/3/7,616.70 ,,,,,,,,,
2014/3/8,609.20 ,,,,,,,,,
2014/3/9,627.00 ,,,,,,,,,
2014/3/10,613.00 ,,,,,,,,,
2014/3/11,608.70 ,,,,,,,,,
2014/3/12,619.40 ,,,,,,,,,
2014/3/13,625.00 ,,,,,,,,,
2014/3/14,614.00 ,,,,,,,,,
2014/3/15,624.00 ,,,,,,,,,
2014/3/16,619.10 ,,,,,,,,,
2014/3/17,606.40 ,,,,,,,,,
2014/3/18,598.90 ,,,,,,,,,
2014/3/19,595.00 ,,,,,,,,,
2014/3/20,566.00 ,,,,,,,,,
2014/3/21,549.60 ,,,,,,,,,
2014/3/22,564.30 ,,,,,,,,,
2014/3/23,551.20 ,,,,,,,,,
2014/3/24,567.60 ,,,,,,,,,
2014/3/25,562.90 ,,,,,,,,,
2014/3/26,562.50 ,,,,,,,,,
2014/3/27,460.50 ,,,,,,,,,
2014/3/28,482.60 ,,,,,,,,,
2014/3/29,477.10 ,,,,,,,,,
2014/3/30,446.90 ,,,,,,,,,
2014/3/31,444.70 ,,,,,,,,,
2014/4/1,463.50 ,,,,,,,,,
2014/4/2,424.40 ,,,,,,,,,
2014/4/3,436.30 ,,,,,,,,,
2014/4/4,444.40 ,,,,,,,,,
2014/4/5,456.60 ,,,,,,,,,
2014/4/6,455.70 ,,,,,,,,,
2014/4/7,462.40 ,,,,,,,,,
2014/4/8,466.60 ,,,,,,,,,
2014/4/9,457.30 ,,,,,,,,,
2014/4/10,384.60 ,,,,,,,,,
2014/4/11,435.10 ,,,,,,,,,
2014/4/12,437.60 ,,,,,,,,,
2014/4/13,427.60 ,,,,,,,,,
2014/4/14,478.40 ,,,,,,,,,
2014/4/15,526.40 ,,,,,,,,,
2014/4/16,537.00 ,,,,,,,,,
2014/4/17,502.00 ,,,,,,,,,
2014/4/18,485.50 ,,,,,,,,,
2014/4/19,506.00 ,,,,,,,,,
2014/4/20,498.50 ,,,,,,,,,
2014/4/21,495.20 ,,,,,,,,,
2014/4/22,487.90 ,,,,,,,,,
2014/4/23,487.30 ,,,,,,,,,
2014/4/24,500.30 ,,,,,,,,,
2014/4/25,464.50 ,,,,,,,,,
2014/4/26,457.90 ,,,,,,,,,
2014/4/27,443.20 ,,,,,,,,,
2014/4/28,441.90 ,,,,,,,,,
2014/4/29,446.10 ,,,,,,,,,
2014/4/30,445.60 ,,,,,,,,,
2014/5/1,460.10 ,,,,,,,,,
2014/5/2,453.70 ,,,,,,,,,
2014/5/3,438.60 ,,,,,,,,,
2014/5/4,436.00 ,,,,,,,,,
2014/5/5,430.90 ,,,,,,,,,
2014/5/6,432.20 ,,,,,,,,,
2014/5/7,446.50 ,,,,,,,,,
2014/5/8,441.10 ,,,,,,,,,
2014/5/9,445.50 ,,,,,,,,,
2014/5/10,451.90 ,,,,,,,,,
2014/5/11,433.20 ,,,,,,,,,
2014/5/12,438.20 ,,,,,,,,,
2014/5/13,433.90 ,,,,,,,,,
2014/5/14,442.60 ,,,,,,,,,
2014/5/15,448.10 ,,,,,,,,,
2014/5/16,453.60 ,,,,,,,,,
2014/5/17,452.80 ,,,,,,,,,
2014/5/18,450.10 ,,,,,,,,,
2014/5/19,443.90 ,,,,,,,,,
2014/5/20,484.60 ,,,,,,,,,
2014/5/21,488.80 ,,,,,,,,,
2014/5/22,515.40 ,,,,,,,,,
2014/5/23,518.10 ,,,,,,,,,
2014/5/24,520.50 ,,,,,,,,,
2014/5/25,570.40 ,,,,,,,,,
2014/5/26,582.00 ,,,,,,,,,
2014/5/27,570.10 ,,,,,,,,,
2014/5/28,570.80 ,,,,,,,,,
2014/5/29,564.40 ,,,,,,,,,
2014/5/30,612.30 ,,,,,,,,,
2014/5/31,627.90 ,,,,,,,,,
2014/6/1,649.80 ,,,,,,,,,
2014/6/2,655.50 ,,,,,,,,,
2014/6/3,669.40 ,,,,,,,,,
2014/6/4,638.90 ,,,,,,,,,
2014/6/5,660.20 ,,,,,,,,,
2014/6/6,650.40 ,,,,,,,,,
2014/6/7,651.70 ,,,,,,,,,
2014/6/8,651.00 ,,,,,,,,,
2014/6/9,644.30 ,,,,,,,,,
2014/6/10,655.60 ,,,,,,,,,
2014/6/11,643.00 ,,,,,,,,,
2014/6/12,597.10 ,,,,,,,,,
2014/6/13,610.30 ,,,,,,,,,
2014/6/14,583.40 ,,,,,,,,,
2014/6/15,582.30 ,,,,,,,,,
2014/6/16,599.10 ,,,,,,,,,
2014/6/17,605.10 ,,,,,,,,,
2014/6/18,606.20 ,,,,,,,,,
2014/6/19,600.20 ,,,,,,,,,
2014/6/20,590.80 ,,,,,,,,,
2014/6/21,597.00 ,,,,,,,,,
2014/6/22,603.60 ,,,,,,,,,
2014/6/23,591.20 ,,,,,,,,,
2014/6/24,588.80 ,,,,,,,,,
2014/6/25,568.50 ,,,,,,,,,
2014/6/26,582.70 ,,,,,,,,,
2014/6/27,602.20 ,,,,,,,,,
2014/6/28,597.60 ,,,,,,,,,
2014/6/29,601.10 ,,,,,,,,,
2014/6/30,635.10 ,,,,,,,,,
2014/7/1,643.20 ,,,,,,,,,
2014/7/2,645.70 ,,,,,,,,,
2014/7/3,638.00 ,,,,,,,,,
2014/7/4,624.00 ,,,,,,,,,
2014/7/5,623.00 ,,,,,,,,,
2014/7/6,626.70 ,,,,,,,,,
2014/7/7,613.60 ,,,,,,,,,
2014/7/8,615.30 ,,,,,,,,,
2014/7/9,623.00 ,,,,,,,,,
2014/7/10,618.40 ,,,,,,,,,
2014/7/11,632.90 ,,,,,,,,,
2014/7/12,635.90 ,,,,,,,,,
2014/7/13,628.00 ,,,,,,,,,
2014/7/14,618.30 ,,,,,,,,,
2014/7/15,619.60 ,,,,,,,,,
2014/7/16,614.80 ,,,,,,,,,
2014/7/17,626.60 ,,,,,,,,,
2014/7/18,627.50 ,,,,,,,,,
2014/7/19,627.00 ,,,,,,,,,
2014/7/20,621.00 ,,,,,,,,,
2014/7/21,625.10 ,,,,,,,,,
2014/7/22,622.50 ,,,,,,,,,
2014/7/23,621.70 ,,,,,,,,,
2014/7/24,601.90 ,,,,,,,,,
2014/7/25,600.50 ,,,,,,,,,
2014/7/26,596.00 ,,,,,,,,,
2014/7/27,595.00 ,,,,,,,,,
2014/7/28,587.90 ,,,,,,,,,
2014/7/29,585.80 ,,,,,,,,,
2014/7/30,564.60 ,,,,,,,,,
2014/7/31,589.50 ,,,,,,,,,
2014/8/1,598.80 ,,,,,,,,,
2014/8/2,591.70 ,,,,,,,,,
2014/8/3,588.90 ,,,,,,,,,
2014/8/4,592.80 ,,,,,,,,,
2014/8/5,588.80 ,,,,,,,,,
2014/8/6,589.80 ,,,,,,,,,
2014/8/7,592.80 ,,,,,,,,,
2014/8/8,595.80 ,,,,,,,,,
2014/8/9,589.50 ,,,,,,,,,
2014/8/10,592.10 ,,,,,,,,,
2014/8/11,575.90 ,,,,,,,,,
2014/8/12,567.70 ,,,,,,,,,
2014/8/13,542.10 ,,,,,,,,,
2014/8/14,504.80 ,,,,,,,,,
2014/8/15,496.50 ,,,,,,,,,
2014/8/16,522.00 ,,,,,,,,,
2014/8/17,485.50 ,,,,,,,,,
2014/8/18,462.20 ,,,,,,,,,
2014/8/19,485.10 ,,,,,,,,,
2014/8/20,516.80 ,,,,,,,,,
2014/8/21,517.90 ,,,,,,,,,
2014/8/22,516.10 ,,,,,,,,,
2014/8/23,497.70 ,,,,,,,,,
2014/8/24,509.70 ,,,,,,,,,
2014/8/25,502.90 ,,,,,,,,,
2014/8/26,512.60 ,,,,,,,,,
2014/8/27,515.20 ,,,,,,,,,
2014/8/28,510.80 ,,,,,,,,,
2014/8/29,512.60 ,,,,,,,,,
2014/8/30,506.00 ,,,,,,,,,
2014/8/31,481.80 ,,,,,,,,,
2014/9/1,477.20 ,,,,,,,,,
2014/9/2,478.90 ,,,,,,,,,
2014/9/3,480.00 ,,,,,,,,,
2014/9/4,491.00 ,,,,,,,,,
2014/9/5,483.60 ,,,,,,,,,
2014/9/6,484.50 ,,,,,,,,,
2014/9/7,485.80 ,,,,,,,,,
2014/9/8,475.70 ,,,,,,,,,
2014/9/9,474.90 ,,,,,,,,,
2014/9/10,479.70 ,,,,,,,,,
2014/9/11,478.50 ,,,,,,,,,
2014/9/12,477.70 ,,,,,,,,,
2014/9/13,478.20 ,,,,,,,,,
2014/9/14,477.70 ,,,,,,,,,
2014/9/15,477.70 ,,,,,,,,,
2014/9/16,466.80 ,,,,,,,,,
2014/9/17,461.10 ,,,,,,,,,
2014/9/18,424.30 ,,,,,,,,,
2014/9/19,397.70 ,,,,,,,,,
2014/9/20,411.50 ,,,,,,,,,
2014/9/21,401.60 ,,,,,,,,,
2014/9/22,404.10 ,,,,,,,,,
2014/9/23,436.90 ,,,,,,,,,
2014/9/24,423.80 ,,,,,,,,,
2014/9/25,412.30 ,,,,,,,,,
2014/9/26,404.50 ,,,,,,,,,
2014/9/27,399.00 ,,,,,,,,,
2014/9/28,379.10 ,,,,,,,,,
2014/9/29,376.80 ,,,,,,,,,
2014/9/30,388.20 ,,,,,,,,,
2014/10/1,382.80 ,,,,,,,,,
2014/10/2,375.10 ,,,,,,,,,
2014/10/3,363.50 ,,,,,,,,,
2014/10/4,335.30 ,,,,,,,,,
2014/10/5,322.90 ,,,,,,,,,
2014/10/6,331.50 ,,,,,,,,,
2014/10/7,331.60 ,,,,,,,,,
2014/10/8,350.90 ,,,,,,,,,
2014/10/9,360.90 ,,,,,,,,,
2014/10/10,361.70 ,,,,,,,,,
2014/10/11,361.20 ,,,,,,,,,
2014/10/12,373.20 ,,,,,,,,,
2014/10/13,387.30 ,,,,,,,,,
2014/10/14,397.10 ,,,,,,,,,
2014/10/15,393.20 ,,,,,,,,,
2014/10/16,379.80 ,,,,,,,,,
2014/10/17,380.50 ,,,,,,,,,
2014/10/18,390.90 ,,,,,,,,,
2014/10/19,387.30 ,,,,,,,,,
2014/10/20,380.40 ,,,,,,,,,
2014/10/21,382.40 ,,,,,,,,,
2014/10/22,378.90 ,,,,,,,,,
2014/10/23,355.80 ,,,,,,,,,
2014/10/24,355.10 ,,,,,,,,,
2014/10/25,346.70 ,,,,,,,,,
2014/10/26,348.70 ,,,,,,,,,
2014/10/27,350.10 ,,,,,,,,,
2014/10/28,351.10 ,,,,,,,,,
2014/10/29,335.10 ,,,,,,,,,
2014/10/30,344.90 ,,,,,,,,,
2014/10/31,337.90 ,,,,,,,,,
2014/11/1,325.40 ,,,,,,,,,
2014/11/2,322.50 ,,,,,,,,,
2014/11/3,324.20 ,,,,,,,,,
2014/11/4,328.00 ,,,,,,,,,
2014/11/5,338.00 ,,,,,,,,,
2014/11/6,347.70 ,,,,,,,,,
2014/11/7,341.90 ,,,,,,,,,
2014/11/8,343.50 ,,,,,,,,,
2014/11/9,362.00 ,,,,,,,,,
2014/11/10,367.10 ,,,,,,,,,
2014/11/11,365.40 ,,,,,,,,,
2014/11/12,432.00 ,,,,,,,,,
2014/11/13,428.70 ,,,,,,,,,
2014/11/14,396.50 ,,,,,,,,,
2014/11/15,374.90 ,,,,,,,,,
2014/11/16,385.60 ,,,,,,,,,
2014/11/17,384.70 ,,,,,,,,,
2014/11/18,379.20 ,,,,,,,,,
2014/11/19,381.40 ,,,,,,,,,
2014/11/20,357.30 ,,,,,,,,,
2014/11/21,351.80 ,,,,,,,,,
2014/11/22,352.00 ,,,,,,,,,
2014/11/23,365.90 ,,,,,,,,,
2014/11/24,378.90 ,,,,,,,,,
2014/11/25,376.40 ,,,,,,,,,
2014/11/26,365.40 ,,,,,,,,,
2014/11/27,368.80 ,,,,,,,,,
2014/11/28,377.60 ,,,,,,,,,
2014/11/29,376.30 ,,,,,,,,,
2014/11/30,374.90 ,,,,,,,,,
2014/12/1,378.60 ,,,,,,,,,
2014/12/2,380.60 ,,,,,,,,,
2014/12/3,377.00 ,,,,,,,,,
2014/12/4,369.80 ,,,,,,,,,
2014/12/5,377.60 ,,,,,,,,,
2014/12/6,376.30 ,,,,,,,,,
2014/12/7,376.50 ,,,,,,,,,
2014/12/8,365.00 ,,,,,,,,,
2014/12/9,352.20 ,,,,,,,,,
2014/12/10,347.90 ,,,,,,,,,
2014/12/11,347.70 ,,,,,,,,,
2014/12/12,353.40 ,,,,,,,,,
2014/12/13,348.20 ,,,,,,,,,
2014/12/14,349.40 ,,,,,,,,,
2014/12/15,345.40 ,,,,,,,,,
2014/12/16,330.20 ,,,,,,,,,
2014/12/17,320.00 ,,,,,,,,,
2014/12/18,310.30 ,,,,,,,,,
2014/12/19,317.80 ,,,,,,,,,
2014/12/20,330.40 ,,,,,,,,,
2014/12/21,322.60 ,,,,,,,,,
2014/12/22,330.80 ,,,,,,,,,
2014/12/23,335.30 ,,,,,,,,,
2014/12/24,322.40 ,,,,,,,,,
2014/12/25,319.00 ,,,,,,,,,
2014/12/26,330.00 ,,,,,,,,,
2014/12/27,315.30 ,,,,,,,,,
2014/12/28,316.50 ,,,,,,,,,
2014/12/29,314.10 ,,,,,,,,,
2014/12/30,311.30 ,,,,,,,,,
2014/12/31,318.20 ,,,,,,,,,
2015/1/1,314.90 ,,,,,,,,,
2015/1/2,315.20 ,,,,,,,,,
2015/1/3,287.10 ,,,,,,,,,
2015/1/4,264.70 ,,,,,,,,,
2015/1/5,274.80 ,,,,,,,,,
2015/1/6,282.30 ,,,,,,,,,
2015/1/7,291.30 ,,,,,,,,,
2015/1/8,282.70 ,,,,,,,,,
2015/1/9,288.00 ,,,,,,,,,
2015/1/10,273.40 ,,,,,,,,,
2015/1/11,264.80 ,,,,,,,,,
2015/1/12,269.30 ,,,,,,,,,
2015/1/13,221.30 ,,,,,,,,,
2015/1/14,164.90 ,,,,,,,,,
2015/1/15,209.80 ,,,,,,,,,
2015/1/16,206.90 ,,,,,,,,,
2015/1/17,199.60 ,,,,,,,,,
2015/1/18,210.60 ,,,,,,,,,
2015/1/19,215.90 ,,,,,,,,,
2015/1/20,210.60 ,,,,,,,,,
2015/1/21,228.20 ,,,,,,,,,
2015/1/22,232.70 ,,,,,,,,,
2015/1/23,232.20 ,,,,,,,,,
2015/1/24,248.20 ,,,,,,,,,
2015/1/25,252.10 ,,,,,,,,,
2015/1/26,269.20 ,,,,,,,,,
2015/1/27,263.30 ,,,,,,,,,
2015/1/28,236.20 ,,,,,,,,,
2015/1/29,234.00 ,,,,,,,,,
2015/1/30,231.80 ,,,,,,,,,
2015/1/31,218.50 ,,,,,,,,,
2015/2/1,225.30 ,,,,,,,,,
2015/2/2,238.90 ,,,,,,,,,
2015/2/3,227.40 ,,,,,,,,,
2015/2/4,226.60 ,,,,,,,,,
2015/2/5,216.50 ,,,,,,,,,
2015/2/6,223.00 ,,,,,,,,,
2015/2/7,227.70 ,,,,,,,,,
2015/2/8,223.70 ,,,,,,,,,
2015/2/9,220.30 ,,,,,,,,,
2015/2/10,219.70 ,,,,,,,,,
2015/2/11,218.80 ,,,,,,,,,
2015/2/12,221.80 ,,,,,,,,,
2015/2/13,236.20 ,,,,,,,,,
2015/2/14,258.60 ,,,,,,,,,
2015/2/15,233.30 ,,,,,,,,,
2015/2/16,235.80 ,,,,,,,,,
2015/2/17,243.20 ,,,,,,,,,
2015/2/18,235.20 ,,,,,,,,,
2015/2/19,241.90 ,,,,,,,,,
2015/2/20,244.50 ,,,,,,,,,
2015/2/21,244.40 ,,,,,,,,,
2015/2/22,235.70 ,,,,,,,,,
2015/2/23,238.80 ,,,,,,,,,
2015/2/24,238.90 ,,,,,,,,,
2015/2/25,237.30 ,,,,,,,,,
2015/2/26,236.50 ,,,,,,,,,
2015/2/27,253.50 ,,,,,,,,,
2015/2/28,254.10 ,,,,,,,,,
2015/3/1,257.90 ,,,,,,,,,
2015/3/2,273.80 ,,,,,,,,,
2015/3/3,280.60 ,,,,,,,,,
2015/3/4,271.90 ,,,,,,,,,
2015/3/5,275.20 ,,,,,,,,,
2015/3/6,272.60 ,,,,,,,,,
2015/3/7,274.90 ,,,,,,,,,
2015/3/8,274.50 ,,,,,,,,,
2015/3/9,290.00 ,,,,,,,,,
2015/3/10,291.40 ,,,,,,,,,
2015/3/11,295.60 ,,,,,,,,,
2015/3/12,293.90 ,,,,,,,,,
2015/3/13,287.20 ,,,,,,,,,
2015/3/14,281.60 ,,,,,,,,,
2015/3/15,284.90 ,,,,,,,,,
2015/3/16,290.40 ,,,,,,,,,
2015/3/17,285.40 ,,,,,,,,,
2015/3/18,255.90 ,,,,,,,,,
2015/3/19,260.90 ,,,,,,,,,
2015/3/20,261.80 ,,,,,,,,,
2015/3/21,259.70 ,,,,,,,,,
2015/3/22,268.60 ,,,,,,,,,
2015/3/23,265.50 ,,,,,,,,,
2015/3/24,246.70 ,,,,,,,,,
2015/3/25,246.40 ,,,,,,,,,
2015/3/26,248.00 ,,,,,,,,,
2015/3/27,247.20 ,,,,,,,,,
2015/3/28,252.00 ,,,,,,,,,
2015/3/29,242.10 ,,,,,,,,,
2015/3/30,246.80 ,,,,,,,,,
2015/3/31,244.10 ,,,,,,,,,
2015/4/1,246.20 ,,,,,,,,,
2015/4/2,252.60 ,,,,,,,,,
2015/4/3,254.50 ,,,,,,,,,
2015/4/4,252.90 ,,,,,,,,,
2015/4/5,259.60 ,,,,,,,,,
2015/4/6,255.00 ,,,,,,,,,
2015/4/7,253.00 ,,,,,,,,,
2015/4/8,244.60 ,,,,,,,,,
2015/4/9,243.30 ,,,,,,,,,
2015/4/10,234.70 ,,,,,,,,,
2015/4/11,236.50 ,,,,,,,,,
2015/4/12,235.90 ,,,,,,,,,
2015/4/13,223.60 ,,,,,,,,,
2015/4/14,218.00 ,,,,,,,,,
2015/4/15,223.00 ,,,,,,,,,
2015/4/16,228.00 ,,,,,,,,,
2015/4/17,222.60 ,,,,,,,,,
2015/4/18,223.40 ,,,,,,,,,
2015/4/19,223.00 ,,,,,,,,,
2015/4/20,224.20 ,,,,,,,,,
2015/4/21,233.70 ,,,,,,,,,
2015/4/22,233.80 ,,,,,,,,,
2015/4/23,235.40 ,,,,,,,,,
2015/4/24,231.10 ,,,,,,,,,
2015/4/25,226.10 ,,,,,,,,,
2015/4/26,218.70 ,,,,,,,,,
2015/4/27,229.00 ,,,,,,,,,
2015/4/28,225.80 ,,,,,,,,,
2015/4/29,225.40 ,,,,,,,,,
2015/4/30,235.80 ,,,,,,,,,
2015/5/1,233.20 ,,,,,,,,,
2015/5/2,235.30 ,,,,,,,,,
2015/5/3,240.00 ,,,,,,,,,
2015/5/4,239.00 ,,,,,,,,,
2015/5/5,235.80 ,,,,,,,,,
2015/5/6,230.00 ,,,,,,,,,
2015/5/7,237.70 ,,,,,,,,,
2015/5/8,243.70 ,,,,,,,,,
2015/5/9,241.40 ,,,,,,,,,
2015/5/10,240.00 ,,,,,,,,,
2015/5/11,241.80 ,,,,,,,,,
2015/5/12,241.60 ,,,,,,,,,
2015/5/13,236.40 ,,,,,,,,,
2015/5/14,236.90 ,,,,,,,,,
2015/5/15,237.20 ,,,,,,,,,
2015/5/16,236.20 ,,,,,,,,,
2015/5/17,236.30 ,,,,,,,,,
2015/5/18,232.60 ,,,,,,,,,
2015/5/19,232.00 ,,,,,,,,,
2015/5/20,234.00 ,,,,,,,,,
2015/5/21,235.40 ,,,,,,,,,
2015/5/22,240.40 ,,,,,,,,,
2015/5/23,238.90 ,,,,,,,,,
2015/5/24,241.00 ,,,,,,,,,
2015/5/25,237.40 ,,,,,,,,,
2015/5/26,237.80 ,,,,,,,,,
2015/5/27,237.30 ,,,,,,,,,
2015/5/28,237.30 ,,,,,,,,,
2015/5/29,237.00 ,,,,,,,,,
2015/5/30,233.20 ,,,,,,,,,
2015/5/31,229.80 ,,,,,,,,,
2015/6/1,223.10 ,,,,,,,,,
2015/6/2,225.70 ,,,,,,,,,
2015/6/3,225.60 ,,,,,,,,,
2015/6/4,224.20 ,,,,,,,,,
2015/6/5,225.30 ,,,,,,,,,
2015/6/6,224.70 ,,,,,,,,,
2015/6/7,223.50 ,,,,,,,,,
2015/6/8,228.60 ,,,,,,,,,
2015/6/9,229.60 ,,,,,,,,,
2015/6/10,228.80 ,,,,,,,,,
2015/6/11,229.90 ,,,,,,,,,
2015/6/12,230.50 ,,,,,,,,,
2015/6/13,232.50 ,,,,,,,,,
2015/6/14,233.80 ,,,,,,,,,
2015/6/15,237.00 ,,,,,,,,,
2015/6/16,249.80 ,,,,,,,,,
2015/6/17,247.40 ,,,,,,,,,
2015/6/18,248.40 ,,,,,,,,,
2015/6/19,244.10 ,,,,,,,,,
2015/6/20,245.00 ,,,,,,,,,
2015/6/21,244.10 ,,,,,,,,,
2015/6/22,247.50 ,,,,,,,,,
2015/6/23,243.80 ,,,,,,,,,
2015/6/24,240.60 ,,,,,,,,,
2015/6/25,242.60 ,,,,,,,,,
2015/6/26,242.90 ,,,,,,,,,
2015/6/27,250.70 ,,,,,,,,,
2015/6/28,248.90 ,,,,,,,,,
2015/6/29,257.00 ,,,,,,,,,
2015/6/30,264.10 ,,,,,,,,,
2015/7/1,257.60 ,,,,,,,,,
2015/7/2,254.90 ,,,,,,,,,
2015/7/3,255.40 ,,,,,,,,,
2015/7/4,260.50 ,,,,,,,,,
2015/7/5,270.10 ,,,,,,,,,
2015/7/6,269.10 ,,,,,,,,,
2015/7/7,266.20 ,,,,,,,,,
2015/7/8,268.60 ,,,,,,,,,
2015/7/9,269.10 ,,,,,,,,,
2015/7/10,283.60 ,,,,,,,,,
2015/7/11,292.00 ,,,,,,,,,
2015/7/12,310.40 ,,,,,,,,,
2015/7/13,290.40 ,,,,,,,,,
2015/7/14,287.00 ,,,,,,,,,
2015/7/15,283.40 ,,,,,,,,,
2015/7/16,276.60 ,,,,,,,,,
2015/7/17,279.60 ,,,,,,,,,
2015/7/18,274.00 ,,,,,,,,,
2015/7/19,273.20 ,,,,,,,,,
2015/7/20,277.70 ,,,,,,,,,
2015/7/21,275.10 ,,,,,,,,,
2015/7/22,276.50 ,,,,,,,,,
2015/7/23,275.50 ,,,,,,,,,
2015/7/24,288.40 ,,,,,,,,,
2015/7/25,288.70 ,,,,,,,,,
2015/7/26,291.80 ,,,,,,,,,
2015/7/27,293.00 ,,,,,,,,,
2015/7/28,293.70 ,,,,,,,,,
2015/7/29,288.40 ,,,,,,,,,
2015/7/30,287.00 ,,,,,,,,,
2015/7/31,283.70 ,,,,,,,,,
2015/8/1,280.50 ,,,,,,,,,
2015/8/2,281.40 ,,,,,,,,,
2015/8/3,281.60 ,,,,,,,,,
2015/8/4,284.30 ,,,,,,,,,
2015/8/5,281.70 ,,,,,,,,,
2015/8/6,278.00 ,,,,,,,,,
2015/8/7,277.90 ,,,,,,,,,
2015/8/8,258.60 ,,,,,,,,,
2015/8/9,263.90 ,,,,,,,,,
2015/8/10,263.30 ,,,,,,,,,
2015/8/11,269.00 ,,,,,,,,,
2015/8/12,267.70 ,,,,,,,,,
2015/8/13,263.40 ,,,,,,,,,
2015/8/14,265.00 ,,,,,,,,,
2015/8/15,260.50 ,,,,,,,,,
2015/8/16,257.10 ,,,,,,,,,
2015/8/17,257.10 ,,,,,,,,,
2015/8/18,246.70 ,,,,,,,,,
2015/8/19,226.00 ,,,,,,,,,
2015/8/20,234.70 ,,,,,,,,,
2015/8/21,232.40 ,,,,,,,,,
2015/8/22,229.50 ,,,,,,,,,
2015/8/23,226.80 ,,,,,,,,,
2015/8/24,211.40 ,,,,,,,,,
2015/8/25,220.50 ,,,,,,,,,
2015/8/26,225.00 ,,,,,,,,,
2015/8/27,222.70 ,,,,,,,,,
2015/8/28,231.60 ,,,,,,,,,
2015/8/29,228.50 ,,,,,,,,,
2015/8/30,228.40 ,,,,,,,,,
2015/8/31,229.50 ,,,,,,,,,
2015/9/1,227.20 ,,,,,,,,,
2015/9/2,228.60 ,,,,,,,,,
2015/9/3,226.20 ,,,,,,,,,
2015/9/4,230.30 ,,,,,,,,,
2015/9/5,233.70 ,,,,,,,,,
2015/9/6,239.90 ,,,,,,,,,
2015/9/7,239.60 ,,,,,,,,,
2015/9/8,243.20 ,,,,,,,,,
2015/9/9,237.40 ,,,,,,,,,
2015/9/10,238.10 ,,,,,,,,,
2015/9/11,239.90 ,,,,,,,,,
2015/9/12,235.60 ,,,,,,,,,
2015/9/13,230.20 ,,,,,,,,,
2015/9/14,229.90 ,,,,,,,,,
2015/9/15,229.50 ,,,,,,,,,
2015/9/16,228.60 ,,,,,,,,,
2015/9/17,232.70 ,,,,,,,,,
2015/9/18,232.20 ,,,,,,,,,
2015/9/19,231.10 ,,,,,,,,,
2015/9/20,231.10 ,,,,,,,,,
2015/9/21,226.30 ,,,,,,,,,
2015/9/22,230.00 ,,,,,,,,,
2015/9/23,229.90 ,,,,,,,,,
2015/9/24,233.80 ,,,,,,,,,
2015/9/25,235.00 ,,,,,,,,,
2015/9/26,234.30 ,,,,,,,,,
2015/9/27,232.50 ,,,,,,,,,
2015/9/28,238.90 ,,,,,,,,,
2015/9/29,236.70 ,,,,,,,,,
2015/9/30,235.90 ,,,,,,,,,
2015/10/1,237.10 ,,,,,,,,,
2015/10/2,236.70 ,,,,,,,,,
2015/10/3,238.60 ,,,,,,,,,
2015/10/4,238.30 ,,,,,,,,,
2015/10/5,240.10 ,,,,,,,,,
2015/10/6,246.10 ,,,,,,,,,
2015/10/7,243.00 ,,,,,,,,,
2015/10/8,242.60 ,,,,,,,,,
2015/10/9,244.00 ,,,,,,,,,
2015/10/10,245.40 ,,,,,,,,,
2015/10/11,247.60 ,,,,,,,,,
2015/10/12,245.40 ,,,,,,,,,
2015/10/13,248.80 ,,,,,,,,,
2015/10/14,252.30 ,,,,,,,,,
2015/10/15,254.40 ,,,,,,,,,
2015/10/16,262.90 ,,,,,,,,,
2015/10/17,269.60 ,,,,,,,,,
2015/10/18,261.70 ,,,,,,,,,
2015/10/19,263.80 ,,,,,,,,,
2015/10/20,269.80 ,,,,,,,,,
2015/10/21,267.10 ,,,,,,,,,
2015/10/22,274.40 ,,,,,,,,,
2015/10/23,276.90 ,,,,,,,,,
2015/10/24,282.60 ,,,,,,,,,
2015/10/25,287.90 ,,,,,,,,,
2015/10/26,285.10 ,,,,,,,,,
2015/10/27,294.70 ,,,,,,,,,
2015/10/28,303.50 ,,,,,,,,,
2015/10/29,313.60 ,,,,,,,,,
2015/10/30,327.10 ,,,,,,,,,
2015/10/31,311.20 ,,,,,,,,,
2015/11/1,323.00 ,,,,,,,,,
2015/11/2,359.30 ,,,,,,,,,
2015/11/3,396.50 ,,,,,,,,,
2015/11/4,400.90 ,,,,,,,,,
2015/11/5,382.70 ,,,,,,,,,
2015/11/6,369.80 ,,,,,,,,,
2015/11/7,385.10 ,,,,,,,,,
2015/11/8,371.60 ,,,,,,,,,
2015/11/9,380.20 ,,,,,,,,,
2015/11/10,336.70 ,,,,,,,,,
2015/11/11,304.70 ,,,,,,,,,
2015/11/12,333.90 ,,,,,,,,,
2015/11/13,333.80 ,,,,,,,,,
2015/11/14,331.80 ,,,,,,,,,
2015/11/15,317.50 ,,,,,,,,,
2015/11/16,330.20 ,,,,,,,,,
2015/11/17,333.90 ,,,,,,,,,
2015/11/18,335.90 ,,,,,,,,,
2015/11/19,325.00 ,,,,,,,,,
2015/11/20,321.10 ,,,,,,,,,
2015/11/21,324.70 ,,,,,,,,,
2015/11/22,322.80 ,,,,,,,,,
2015/11/23,322.10 ,,,,,,,,,
2015/11/24,318.40 ,,,,,,,,,
2015/11/25,327.50 ,,,,,,,,,
2015/11/26,353.70 ,,,,,,,,,
2015/11/27,359.50 ,,,,,,,,,
2015/11/28,355.80 ,,,,,,,,,
2015/11/29,370.80 ,,,,,,,,,
2015/11/30,378.00 ,,,,,,,,,
2015/12/1,361.80 ,,,,,,,,,
2015/12/2,360.00 ,,,,,,,,,
2015/12/3,360.30 ,,,,,,,,,
2015/12/4,361.70 ,,,,,,,,,
2015/12/5,386.70 ,,,,,,,,,
2015/12/6,393.40 ,,,,,,,,,
2015/12/7,394.30 ,,,,,,,,,
2015/12/8,410.70 ,,,,,,,,,
2015/12/9,416.00 ,,,,,,,,,
2015/12/10,415.50 ,,,,,,,,,
2015/12/11,449.80 ,,,,,,,,,
2015/12/12,432.30 ,,,,,,,,,
2015/12/13,434.70 ,,,,,,,,,
2015/12/14,442.00 ,,,,,,,,,
2015/12/15,462.60 ,,,,,,,,,
2015/12/16,454.00 ,,,,,,,,,
2015/12/17,455.50 ,,,,,,,,,
2015/12/18,463.20 ,,,,,,,,,
2015/12/19,461.20 ,,,,,,,,,
2015/12/20,441.80 ,,,,,,,,,
2015/12/21,437.60 ,,,,,,,,,
2015/12/22,437.00 ,,,,,,,,,
2015/12/23,442.40 ,,,,,,,,,
2015/12/24,453.00 ,,,,,,,,,
2015/12/25,454.00 ,,,,,,,,,
2015/12/26,415.40 ,,,,,,,,,
2015/12/27,422.40 ,,,,,,,,,
2015/12/28,421.80 ,,,,,,,,,
2015/12/29,431.90 ,,,,,,,,,
2015/12/30,427.10 ,,,,,,,,,
2015/12/31,430.00 ,,,,,,,,,
2016/1/1,434.00 ,,,,,,,,,
2016/1/2,433.70 ,,,,,,,,,
2016/1/3,430.70 ,,,,,,,,,
2016/1/4,433.30 ,,,,,,,,,
2016/1/5,431.20 ,,,,,,,,,
2016/1/6,430.80 ,,,,,,,,,
2016/1/7,457.00 ,,,,,,,,,
2016/1/8,452.90 ,,,,,,,,,
2016/1/9,448.30 ,,,,,,,,,
2016/1/10,446.20 ,,,,,,,,,
2016/1/11,447.70 ,,,,,,,,,
2016/1/12,445.00 ,,,,,,,,,
2016/1/13,432.20 ,,,,,,,,,
2016/1/14,429.10 ,,,,,,,,,
2016/1/15,372.30 ,,,,,,,,,
2016/1/16,385.00 ,,,,,,,,,
2016/1/17,382.50 ,,,,,,,,,
2016/1/18,384.40 ,,,,,,,,,
2016/1/19,379.50 ,,,,,,,,,
2016/1/20,414.60 ,,,,,,,,,
2016/1/21,410.20 ,,,,,,,,,
2016/1/22,382.60 ,,,,,,,,,
2016/1/23,388.60 ,,,,,,,,,
2016/1/24,402.10 ,,,,,,,,,
2016/1/25,392.80 ,,,,,,,,,
2016/1/26,389.80 ,,,,,,,,,
2016/1/27,395.00 ,,,,,,,,,
2016/1/28,379.70 ,,,,,,,,,
2016/1/29,380.30 ,,,,,,,,,
2016/1/30,377.80 ,,,,,,,,,
2016/1/31,369.80 ,,,,,,,,,
2016/2/1,372.20 ,,,,,,,,,
2016/2/2,373.90 ,,,,,,,,,
2016/2/3,368.00 ,,,,,,,,,
2016/2/4,390.60 ,,,,,,,,,
2016/2/5,386.50 ,,,,,,,,,
2016/2/6,376.70 ,,,,,,,,,
2016/2/7,377.90 ,,,,,,,,,
2016/2/8,372.60 ,,,,,,,,,
2016/2/9,375.30 ,,,,,,,,,
2016/2/10,381.90 ,,,,,,,,,
2016/2/11,379.50 ,,,,,,,,,
2016/2/12,384.00 ,,,,,,,,,
2016/2/13,390.10 ,,,,,,,,,
2016/2/14,405.50 ,,,,,,,,,
2016/2/15,401.10 ,,,,,,,,,
2016/2/16,406.40 ,,,,,,,,,
2016/2/17,417.10 ,,,,,,,,,
2016/2/18,421.40 ,,,,,,,,,
2016/2/19,420.00 ,,,,,,,,,
2016/2/20,440.10 ,,,,,,,,,
2016/2/21,437.90 ,,,,,,,,,
2016/2/22,437.80 ,,,,,,,,,
2016/2/23,419.90 ,,,,,,,,,
2016/2/24,422.70 ,,,,,,,,,
2016/2/25,423.50 ,,,,,,,,,
2016/2/26,427.30 ,,,,,,,,,
2016/2/27,431.30 ,,,,,,,,,
2016/2/28,432.50 ,,,,,,,,,
2016/2/29,436.20 ,,,,,,,,,
2016/3/1,434.00 ,,,,,,,,,
2016/3/2,425.40 ,,,,,,,,,
2016/3/3,419.60 ,,,,,,,,,
2016/3/4,409.50 ,,,,,,,,,
2016/3/5,399.00 ,,,,,,,,,
2016/3/6,406.00 ,,,,,,,,,
2016/3/7,414.90 ,,,,,,,,,
2016/3/8,411.90 ,,,,,,,,,
2016/3/9,412.80 ,,,,,,,,,
2016/3/10,415.80 ,,,,,,,,,
2016/3/11,419.10 ,,,,,,,,,
2016/3/12,410.40 ,,,,,,,,,
2016/3/13,412.40 ,,,,,,,,,
2016/3/14,414.30 ,,,,,,,,,
2016/3/15,415.10 ,,,,,,,,,
2016/3/16,415.90 ,,,,,,,,,
2016/3/17,418.20 ,,,,,,,,,
2016/3/18,408.20 ,,,,,,,,,
2016/3/19,408.70 ,,,,,,,,,
2016/3/20,411.50 ,,,,,,,,,
2016/3/21,411.10 ,,,,,,,,,
2016/3/22,416.20 ,,,,,,,,,
2016/3/23,417.00 ,,,,,,,,,
2016/3/24,414.70 ,,,,,,,,,
2016/3/25,415.70 ,,,,,,,,,
2016/3/26,416.50 ,,,,,,,,,
2016/3/27,424.60 ,,,,,,,,,
2016/3/28,422.20 ,,,,,,,,,
2016/3/29,415.00 ,,,,,,,,,
2016/3/30,412.40 ,,,,,,,,,
2016/3/31,415.70 ,,,,,,,,,
2016/4/1,415.60 ,,,,,,,,,
2016/4/2,418.50 ,,,,,,,,,
2016/4/3,419.10 ,,,,,,,,,
2016/4/4,419.30 ,,,,,,,,,
2016/4/5,422.10 ,,,,,,,,,
2016/4/6,421.30 ,,,,,,,,,
2016/4/7,420.10 ,,,,,,,,,
2016/4/8,417.70 ,,,,,,,,,
2016/4/9,418.00 ,,,,,,,,,
2016/4/10,420.30 ,,,,,,,,,
2016/4/11,421.40 ,,,,,,,,,
2016/4/12,424.70 ,,,,,,,,,
2016/4/13,423.50 ,,,,,,,,,
2016/4/14,424.00 ,,,,,,,,,
2016/4/15,428.70 ,,,,,,,,,
2016/4/16,430.00 ,,,,,,,,,
2016/4/17,426.30 ,,,,,,,,,
2016/4/18,427.70 ,,,,,,,,,
2016/4/19,434.90 ,,,,,,,,,
2016/4/20,441.20 ,,,,,,,,,
2016/4/21,449.30 ,,,,,,,,,
2016/4/22,445.30 ,,,,,,,,,
2016/4/23,450.10 ,,,,,,,,,
2016/4/24,457.60 ,,,,,,,,,
2016/4/25,461.70 ,,,,,,,,,
2016/4/26,466.00 ,,,,,,,,,
2016/4/27,447.00 ,,,,,,,,,
2016/4/28,448.50 ,,,,,,,,,
2016/4/29,455.00 ,,,,,,,,,
2016/4/30,448.50 ,,,,,,,,,
2016/5/1,452.20 ,,,,,,,,,
2016/5/2,444.20 ,,,,,,,,,
2016/5/3,450.30 ,,,,,,,,,
2016/5/4,445.80 ,,,,,,,,,
2016/5/5,448.10 ,,,,,,,,,
2016/5/6,459.60 ,,,,,,,,,
2016/5/7,458.50 ,,,,,,,,,
2016/5/8,457.90 ,,,,,,,,,
2016/5/9,460.40 ,,,,,,,,,
2016/5/10,449.40 ,,,,,,,,,
2016/5/11,452.50 ,,,,,,,,,
2016/5/12,454.40 ,,,,,,,,,
2016/5/13,455.40 ,,,,,,,,,
2016/5/14,456.40 ,,,,,,,,,
2016/5/15,458.10 ,,,,,,,,,
2016/5/16,454.90 ,,,,,,,,,
2016/5/17,453.30 ,,,,,,,,,
2016/5/18,454.20 ,,,,,,,,,
2016/5/19,442.70 ,,,,,,,,,
2016/5/20,442.10 ,,,,,,,,,
2016/5/21,443.60 ,,,,,,,,,
2016/5/22,439.60 ,,,,,,,,,
2016/5/23,443.70 ,,,,,,,,,
2016/5/24,446.10 ,,,,,,,,,
2016/5/25,449.80 ,,,,,,,,,
2016/5/26,453.30 ,,,,,,,,,
2016/5/27,474.00 ,,,,,,,,,
2016/5/28,524.20 ,,,,,,,,,
2016/5/29,516.00 ,,,,,,,,,
2016/5/30,532.30 ,,,,,,,,,
2016/5/31,528.90 ,,,,,,,,,
2016/6/1,537.40 ,,,,,,,,,
2016/6/2,537.10 ,,,,,,,,,
2016/6/3,567.00 ,,,,,,,,,
2016/6/4,572.00 ,,,,,,,,,
2016/6/5,574.90 ,,,,,,,,,
2016/6/6,583.60 ,,,,,,,,,
2016/6/7,575.60 ,,,,,,,,,
2016/6/8,580.50 ,,,,,,,,,
2016/6/9,574.70 ,,,,,,,,,
2016/6/10,577.90 ,,,,,,,,,
2016/6/11,591.60 ,,,,,,,,,
2016/6/12,666.50 ,,,,,,,,,
2016/6/13,700.10 ,,,,,,,,,
2016/6/14,685.10 ,,,,,,,,,
2016/6/15,690.80 ,,,,,,,,,
2016/6/16,761.20 ,,,,,,,,,
2016/6/17,743.90 ,,,,,,,,,
2016/6/18,753.80 ,,,,,,,,,
2016/6/19,761.00 ,,,,,,,,,
2016/6/20,734.00 ,,,,,,,,,
2016/6/21,667.40 ,,,,,,,,,
2016/6/22,590.60 ,,,,,,,,,
2016/6/23,620.80 ,,,,,,,,,
2016/6/24,656.90 ,,,,,,,,,
2016/6/25,663.50 ,,,,,,,,,
2016/6/26,625.40 ,,,,,,,,,
2016/6/27,644.70 ,,,,,,,,,
2016/6/28,644.90 ,,,,,,,,,
2016/6/29,636.50 ,,,,,,,,,
2016/6/30,670.00 ,,,,,,,,,
2016/7/1,674.60 ,,,,,,,,,
2016/7/2,698.10 ,,,,,,,,,
2016/7/3,661.60 ,,,,,,,,,
2016/7/4,675.20 ,,,,,,,,,
2016/7/5,663.70 ,,,,,,,,,
2016/7/6,672.70 ,,,,,,,,,
2016/7/7,635.30 ,,,,,,,,,
2016/7/8,662.80 ,,,,,,,,,
2016/7/9,651.80 ,,,,,,,,,
2016/7/10,647.10 ,,,,,,,,,
2016/7/11,646.70 ,,,,,,,,,
2016/7/12,670.60 ,,,,,,,,,
2016/7/13,661.20 ,,,,,,,,,
2016/7/14,657.30 ,,,,,,,,,
2016/7/15,664.20 ,,,,,,,,,
2016/7/16,660.70 ,,,,,,,,,
2016/7/17,676.30 ,,,,,,,,,
2016/7/18,670.40 ,,,,,,,,,
2016/7/19,671.10 ,,,,,,,,,
2016/7/20,664.40 ,,,,,,,,,
2016/7/21,664.60 ,,,,,,,,,
2016/7/22,651.10 ,,,,,,,,,
2016/7/23,655.20 ,,,,,,,,,
2016/7/24,659.30 ,,,,,,,,,
2016/7/25,654.00 ,,,,,,,,,
2016/7/26,654.40 ,,,,,,,,,
2016/7/27,654.50 ,,,,,,,,,
2016/7/28,654.10 ,,,,,,,,,
2016/7/29,655.40 ,,,,,,,,,
2016/7/30,654.70 ,,,,,,,,,
2016/7/31,621.90 ,,,,,,,,,
2016/8/1,607.00 ,,,,,,,,,
2016/8/2,513.40 ,,,,,,,,,
2016/8/3,566.40 ,,,,,,,,,
2016/8/4,576.20 ,,,,,,,,,
2016/8/5,574.70 ,,,,,,,,,
2016/8/6,586.50 ,,,,,,,,,
2016/8/7,590.80 ,,,,,,,,,
2016/8/8,589.20 ,,,,,,,,,
2016/8/9,585.30 ,,,,,,,,,
2016/8/10,590.90 ,,,,,,,,,
2016/8/11,587.80 ,,,,,,,,,
2016/8/12,587.10 ,,,,,,,,,
2016/8/13,584.60 ,,,,,,,,,
2016/8/14,569.10 ,,,,,,,,,
2016/8/15,567.00 ,,,,,,,,,
2016/8/16,580.20 ,,,,,,,,,
2016/8/17,572.30 ,,,,,,,,,
2016/8/18,573.40 ,,,,,,,,,
2016/8/19,574.60 ,,,,,,,,,
2016/8/20,582.60 ,,,,,,,,,
2016/8/21,580.70 ,,,,,,,,,
2016/8/22,587.50 ,,,,,,,,,
2016/8/23,583.60 ,,,,,,,,,
2016/8/24,579.70 ,,,,,,,,,
2016/8/25,578.00 ,,,,,,,,,
2016/8/26,579.40 ,,,,,,,,,
2016/8/27,570.30 ,,,,,,,,,
2016/8/28,575.00 ,,,,,,,,,
2016/8/29,574.20 ,,,,,,,,,
2016/8/30,577.30 ,,,,,,,,,
2016/8/31,573.90 ,,,,,,,,,
2016/9/1,572.00 ,,,,,,,,,
2016/9/2,575.30 ,,,,,,,,,
2016/9/3,598.80 ,,,,,,,,,
2016/9/4,609.50 ,,,,,,,,,
2016/9/5,605.80 ,,,,,,,,,
2016/9/6,610.40 ,,,,,,,,,
2016/9/7,613.20 ,,,,,,,,,
2016/9/8,625.60 ,,,,,,,,,
2016/9/9,623.20 ,,,,,,,,,
2016/9/10,624.50 ,,,,,,,,,
2016/9/11,605.60 ,,,,,,,,,
2016/9/12,608.00 ,,,,,,,,,
2016/9/13,608.60 ,,,,,,,,,
2016/9/14,609.50 ,,,,,,,,,
2016/9/15,608.10 ,,,,,,,,,
2016/9/16,607.80 ,,,,,,,,,
2016/9/17,607.10 ,,,,,,,,,
2016/9/18,610.70 ,,,,,,,,,
2016/9/19,609.80 ,,,,,,,,,
2016/9/20,609.20 ,,,,,,,,,
2016/9/21,597.20 ,,,,,,,,,
2016/9/22,595.60 ,,,,,,,,,
2016/9/23,602.90 ,,,,,,,,,
2016/9/24,602.60 ,,,,,,,,,
2016/9/25,601.50 ,,,,,,,,,
2016/9/26,606.50 ,,,,,,,,,
2016/9/27,605.50 ,,,,,,,,,
2016/9/28,604.70 ,,,,,,,,,
2016/9/29,604.70 ,,,,,,,,,
2016/9/30,608.10 ,,,,,,,,,
2016/10/1,613.40 ,,,,,,,,,
2016/10/2,610.70 ,,,,,,,,,
2016/10/3,611.60 ,,,,,,,,,
2016/10/4,609.00 ,,,,,,,,,
2016/10/5,611.80 ,,,,,,,,,
2016/10/6,611.00 ,,,,,,,,,
2016/10/7,616.00 ,,,,,,,,,
2016/10/8,617.70 ,,,,,,,,,
2016/10/9,615.80 ,,,,,,,,,
2016/10/10,617.30 ,,,,,,,,,
2016/10/11,640.50 ,,,,,,,,,
2016/10/12,636.00 ,,,,,,,,,
2016/10/13,635.60 ,,,,,,,,,
2016/10/14,637.90 ,,,,,,,,,
2016/10/15,637.00 ,,,,,,,,,
2016/10/16,640.10 ,,,,,,,,,
2016/10/17,637.40 ,,,,,,,,,
2016/10/18,635.30 ,,,,,,,,,
2016/10/19,629.10 ,,,,,,,,,
2016/10/20,628.30 ,,,,,,,,,
2016/10/21,630.50 ,,,,,,,,,
2016/10/22,655.50 ,,,,,,,,,
2016/10/23,653.00 ,,,,,,,,,
2016/10/24,650.50 ,,,,,,,,,
2016/10/25,651.00 ,,,,,,,,,
2016/10/26,674.70 ,,,,,,,,,
2016/10/27,682.30 ,,,,,,,,,
2016/10/28,686.20 ,,,,,,,,,
2016/10/29,715.00 ,,,,,,,,,
2016/10/30,697.30 ,,,,,,,,,
2016/10/31,698.70 ,,,,,,,,,
2016/11/1,726.80 ,,,,,,,,,
2016/11/2,733.50 ,,,,,,,,,
2016/11/3,684.90 ,,,,,,,,,
2016/11/4,702.10 ,,,,,,,,,
2016/11/5,702.10 ,,,,,,,,,
2016/11/6,709.90 ,,,,,,,,,
2016/11/7,705.40 ,,,,,,,,,
2016/11/8,710.90 ,,,,,,,,,
2016/11/9,721.40 ,,,,,,,,,
2016/11/10,714.60 ,,,,,,,,,
2016/11/11,715.00 ,,,,,,,,,
2016/11/12,704.30 ,,,,,,,,,
2016/11/13,702.00 ,,,,,,,,,
2016/11/14,704.60 ,,,,,,,,,
2016/11/15,711.10 ,,,,,,,,,
2016/11/16,740.30 ,,,,,,,,,
2016/11/17,737.50 ,,,,,,,,,
2016/11/18,747.00 ,,,,,,,,,
2016/11/19,747.90 ,,,,,,,,,
2016/11/20,728.50 ,,,,,,,,,
2016/11/21,736.20 ,,,,,,,,,
2016/11/22,749.30 ,,,,,,,,,
2016/11/23,741.10 ,,,,,,,,,
2016/11/24,735.30 ,,,,,,,,,
2016/11/25,740.40 ,,,,,,,,,
2016/11/26,734.10 ,,,,,,,,,
2016/11/27,729.40 ,,,,,,,,,
2016/11/28,733.30 ,,,,,,,,,
2016/11/29,732.60 ,,,,,,,,,
2016/11/30,742.50 ,,,,,,,,,
2016/12/1,752.60 ,,,,,,,,,
2016/12/2,770.90 ,,,,,,,,,
2016/12/3,764.20 ,,,,,,,,,
2016/12/4,766.40 ,,,,,,,,,
2016/12/5,754.30 ,,,,,,,,,
2016/12/6,758.20 ,,,,,,,,,
2016/12/7,765.60 ,,,,,,,,,
2016/12/8,768.50 ,,,,,,,,,
2016/12/9,770.50 ,,,,,,,,,
2016/12/10,774.00 ,,,,,,,,,
2016/12/11,767.90 ,,,,,,,,,
2016/12/12,778.50 ,,,,,,,,,
2016/12/13,778.70 ,,,,,,,,,
2016/12/14,776.50 ,,,,,,,,,
2016/12/15,775.20 ,,,,,,,,,
2016/12/16,782.00 ,,,,,,,,,
2016/12/17,787.20 ,,,,,,,,,
2016/12/18,789.00 ,,,,,,,,,
2016/12/19,789.80 ,,,,,,,,,
2016/12/20,799.10 ,,,,,,,,,
2016/12/21,829.20 ,,,,,,,,,
2016/12/22,860.20 ,,,,,,,,,
2016/12/23,917.20 ,,,,,,,,,
2016/12/24,891.10 ,,,,,,,,,
2016/12/25,891.10 ,,,,,,,,,
2016/12/26,898.40 ,,,,,,,,,
2016/12/27,925.80 ,,,,,,,,,
2016/12/28,972.20 ,,,,,,,,,
2016/12/29,971.10 ,,,,,,,,,
2016/12/30,959.00 ,,,,,,,,,
2016/12/31,963.40 ,,,,,,,,,
2017/1/1,995.40 ,,,,,,,,,
2017/1/2,1017.00 ,,,,,,,,,
2017/1/3,1033.30 ,,,,,,,,,
2017/1/4,1135.40 ,,,,,,,,,
2017/1/5,989.30 ,,,,,,,,,
2017/1/6,886.20 ,,,,,,,,,
2017/1/7,888.90 ,,,,,,,,,
2017/1/8,900.90 ,,,,,,,,,
2017/1/9,899.80 ,,,,,,,,,
2017/1/10,904.40 ,,,,,,,,,
2017/1/11,785.40 ,,,,,,,,,
2017/1/12,810.10 ,,,,,,,,,
2017/1/13,824.80 ,,,,,,,,,
2017/1/14,819.60 ,,,,,,,,,
2017/1/15,821.20 ,,,,,,,,,
2017/1/16,827.30 ,,,,,,,,,
2017/1/17,899.70 ,,,,,,,,,
2017/1/18,872.00 ,,,,,,,,,
2017/1/19,895.20 ,,,,,,,,,
2017/1/20,892.90 ,,,,,,,,,
2017/1/21,919.80 ,,,,,,,,,
2017/1/22,918.80 ,,,,,,,,,
2017/1/23,921.50 ,,,,,,,,,
2017/1/24,893.80 ,,,,,,,,,
2017/1/25,894.40 ,,,,,,,,,
2017/1/26,915.60 ,,,,,,,,,
2017/1/27,918.00 ,,,,,,,,,
2017/1/28,918.50 ,,,,,,,,,
2017/1/29,914.50 ,,,,,,,,,
2017/1/30,920.70 ,,,,,,,,,
2017/1/31,965.50 ,,,,,,,,,
2017/2/1,982.40 ,,,,,,,,,
2017/2/2,1004.00 ,,,,,,,,,
2017/2/3,1013.00 ,,,,,,,,,
2017/2/4,1031.80 ,,,,,,,,,
2017/2/5,1016.10 ,,,,,,,,,
2017/2/6,1024.70 ,,,,,,,,,
2017/2/7,1049.60 ,,,,,,,,,
2017/2/8,1055.50 ,,,,,,,,,
2017/2/9,979.00 ,,,,,,,,,
2017/2/10,997.60 ,,,,,,,,,
2017/2/11,1008.30 ,,,,,,,,,
2017/2/12,996.50 ,,,,,,,,,
2017/2/13,995.40 ,,,,,,,,,
2017/2/14,1008.30 ,,,,,,,,,
2017/2/15,1008.20 ,,,,,,,,,
2017/2/16,1031.90 ,,,,,,,,,
2017/2/17,1049.40 ,,,,,,,,,
2017/2/18,1052.30 ,,,,,,,,,
2017/2/19,1048.90 ,,,,,,,,,
2017/2/20,1077.60 ,,,,,,,,,
2017/2/21,1119.00 ,,,,,,,,,
2017/2/22,1120.50 ,,,,,,,,,
2017/2/23,1171.90 ,,,,,,,,,
2017/2/24,1176.50 ,,,,,,,,,
2017/2/25,1149.10 ,,,,,,,,,
2017/2/26,1171.60 ,,,,,,,,,
2017/2/27,1188.80 ,,,,,,,,,
2017/2/28,1189.30 ,,,,,,,,,
2017/3/1,1222.70 ,,,,,,,,,
2017/3/2,1255.50 ,,,,,,,,,
2017/3/3,1283.30 ,,,,,,,,,
2017/3/4,1264.30 ,,,,,,,,,
2017/3/5,1271.20 ,,,,,,,,,
2017/3/6,1277.00 ,,,,,,,,,
2017/3/7,1232.70 ,,,,,,,,,
2017/3/8,1147.00 ,,,,,,,,,
2017/3/9,1191.30 ,,,,,,,,,
2017/3/10,1112.40 ,,,,,,,,,
2017/3/11,1179.20 ,,,,,,,,,
2017/3/12,1225.10 ,,,,,,,,,
2017/3/13,1238.20 ,,,,,,,,,
2017/3/14,1243.10 ,,,,,,,,,
2017/3/15,1253.40 ,,,,,,,,,
2017/3/16,1172.90 ,,,,,,,,,
2017/3/17,1071.70 ,,,,,,,,,
2017/3/18,971.40 ,,,,,,,,,
2017/3/19,1022.60 ,,,,,,,,,
2017/3/20,1047.50 ,,,,,,,,,
2017/3/21,1121.30 ,,,,,,,,,
2017/3/22,1044.70 ,,,,,,,,,
2017/3/23,1035.00 ,,,,,,,,,
2017/3/24,939.70 ,,,,,,,,,
2017/3/25,966.30 ,,,,,,,,,
2017/3/26,969.40 ,,,,,,,,,
2017/3/27,1045.10 ,,,,,,,,,
2017/3/28,1044.40 ,,,,,,,,,
2017/3/29,1041.90 ,,,,,,,,,
2017/3/30,1037.90 ,,,,,,,,,
2017/3/31,1079.10 ,,,,,,,,,
2017/4/1,1086.10 ,,,,,,,,,
2017/4/2,1097.40 ,,,,,,,,,
2017/4/3,1147.60 ,,,,,,,,,
2017/4/4,1141.80 ,,,,,,,,,
2017/4/5,1129.90 ,,,,,,,,,
2017/4/6,1188.70 ,,,,,,,,,
2017/4/7,1190.50 ,,,,,,,,,
2017/4/8,1180.80 ,,,,,,,,,
2017/4/9,1204.30 ,,,,,,,,,
2017/4/10,1206.70 ,,,,,,,,,
2017/4/11,1220.70 ,,,,,,,,,
2017/4/12,1212.50 ,,,,,,,,,
2017/4/13,1176.20 ,,,,,,,,,
2017/4/14,1177.30 ,,,,,,,,,
2017/4/15,1177.00 ,,,,,,,,,
2017/4/16,1176.80 ,,,,,,,,,
2017/4/17,1194.00 ,,,,,,,,,
2017/4/18,1206.10 ,,,,,,,,,
2017/4/19,1215.20 ,,,,,,,,,
2017/4/20,1238.10 ,,,,,,,,,
2017/4/21,1249.60 ,,,,,,,,,
2017/4/22,1240.90 ,,,,,,,,,
2017/4/23,1249.10 ,,,,,,,,,
2017/4/24,1248.20 ,,,,,,,,,
2017/4/25,1264.30 ,,,,,,,,,
2017/4/26,1286.60 ,,,,,,,,,
2017/4/27,1332.90 ,,,,,,,,,
2017/4/28,1329.60 ,,,,,,,,,
2017/4/29,1336.30 ,,,,,,,,,
2017/4/30,1351.90 ,,,,,,,,,
2017/5/1,1415.80 ,,,,,,,,,
2017/5/2,1445.90 ,,,,,,,,,
2017/5/3,1485.60 ,,,,,,,,,
2017/5/4,1516.80 ,,,,,,,,,
2017/5/5,1507.80 ,,,,,,,,,
2017/5/6,1545.30 ,,,,,,,,,
2017/5/7,1554.40 ,,,,,,,,,
2017/5/8,1664.50 ,,,,,,,,,
2017/5/9,1697.50 ,,,,,,,,,
2017/5/10,1752.30 ,,,,,,,,,
2017/5/11,1819.30 ,,,,,,,,,
2017/5/12,1686.40 ,,,,,,,,,
2017/5/13,1763.70 ,,,,,,,,,
2017/5/14,1772.60 ,,,,,,,,,
2017/5/15,1708.90 ,,,,,,,,,
2017/5/16,1729.30 ,,,,,,,,,
2017/5/17,1801.30 ,,,,,,,,,
2017/5/18,1881.00 ,,,,,,,,,
2017/5/19,1962.00 ,,,,,,,,,
2017/5/20,2040.20 ,,,,,,,,,
2017/5/21,2044.20 ,,,,,,,,,
2017/5/22,2124.40 ,,,,,,,,,
2017/5/23,2272.60 ,,,,,,,,,
2017/5/24,2445.30 ,,,,,,,,,
2017/5/25,2307.20 ,,,,,,,,,
2017/5/26,2244.90 ,,,,,,,,,
2017/5/27,2052.40 ,,,,,,,,,
2017/5/28,2189.00 ,,,,,,,,,
2017/5/29,2278.20 ,,,,,,,,,
2017/5/30,2192.60 ,,,,,,,,,
2017/5/31,2303.30 ,,,,,,,,,
2017/6/1,2412.60 ,,,,,,,,,
2017/6/2,2492.60 ,,,,,,,,,
2017/6/3,2545.40 ,,,,,,,,,
2017/6/4,2524.10 ,,,,,,,,,
2017/6/5,2705.00 ,,,,,,,,,
2017/6/6,2870.50 ,,,,,,,,,
2017/6/7,2691.50 ,,,,,,,,,
2017/6/8,2798.80 ,,,,,,,,,
2017/6/9,2811.40 ,,,,,,,,,
2017/6/10,2900.30 ,,,,,,,,,
2017/6/11,2973.40 ,,,,,,,,,
2017/6/12,2656.80 ,,,,,,,,,
2017/6/13,2713.00 ,,,,,,,,,
2017/6/14,2467.30 ,,,,,,,,,
2017/6/15,2442.50 ,,,,,,,,,
2017/6/16,2508.60 ,,,,,,,,,
2017/6/17,2655.10 ,,,,,,,,,
2017/6/18,2539.60 ,,,,,,,,,
2017/6/19,2616.80 ,,,,,,,,,
2017/6/20,2754.40 ,,,,,,,,,
2017/6/21,2677.60 ,,,,,,,,,
2017/6/22,2722.80 ,,,,,,,,,
2017/6/23,2710.40 ,,,,,,,,,
2017/6/24,2590.10 ,,,,,,,,,
2017/6/25,2541.60 ,,,,,,,,,
2017/6/26,2446.10 ,,,,,,,,,
2017/6/27,2583.80 ,,,,,,,,,
2017/6/28,2577.70 ,,,,,,,,,
2017/6/29,2558.40 ,,,,,,,,,
2017/6/30,2480.60 ,,,,,,,,,
2017/7/1,2424.60 ,,,,,,,,,
2017/7/2,2536.50 ,,,,,,,,,
2017/7/3,2572.50 ,,,,,,,,,
2017/7/4,2617.30 ,,,,,,,,,
2017/7/5,2627.90 ,,,,,,,,,
2017/7/6,2614.20 ,,,,,,,,,
2017/7/7,2513.90 ,,,,,,,,,
2017/7/8,2564.90 ,,,,,,,,,
2017/7/9,2511.40 ,,,,,,,,,
2017/7/10,2344.00 ,,,,,,,,,
2017/7/11,2324.30 ,,,,,,,,,
2017/7/12,2403.10 ,,,,,,,,,
2017/7/13,2362.40 ,,,,,,,,,
2017/7/14,2234.20 ,,,,,,,,,
2017/7/15,1975.10 ,,,,,,,,,
2017/7/16,1914.10 ,,,,,,,,,
2017/7/17,2233.40 ,,,,,,,,,
2017/7/18,2320.20 ,,,,,,,,,
2017/7/19,2282.60 ,,,,,,,,,
2017/7/20,2866.00 ,,,,,,,,,
2017/7/21,2675.10 ,,,,,,,,,
2017/7/22,2836.50 ,,,,,,,,,
2017/7/23,2756.60 ,,,,,,,,,
2017/7/24,2763.40 ,,,,,,,,,
2017/7/25,2582.60 ,,,,,,,,,
2017/7/26,2559.20 ,,,,,,,,,
2017/7/27,2691.90 ,,,,,,,,,
2017/7/28,2806.80 ,,,,,,,,,
2017/7/29,2733.50 ,,,,,,,,,
2017/7/30,2766.50 ,,,,,,,,,
2017/7/31,2883.30 ,,,,,,,,,
2017/8/1,2747.00 ,,,,,,,,,
2017/8/2,2720.50 ,,,,,,,,,
2017/8/3,2810.00 ,,,,,,,,,
2017/8/4,2878.50 ,,,,,,,,,
2017/8/5,3262.80 ,,,,,,,,,
2017/8/6,3232.00 ,,,,,,,,,
2017/8/7,3401.90 ,,,,,,,,,
2017/8/8,3429.40 ,,,,,,,,,
2017/8/9,3348.80 ,,,,,,,,,
2017/8/10,3425.70 ,,,,,,,,,
2017/8/11,3654.40 ,,,,,,,,,
2017/8/12,3871.60 ,,,,,,,,,
2017/8/13,4062.60 ,,,,,,,,,
2017/8/14,4327.90 ,,,,,,,,,
2017/8/15,4161.70 ,,,,,,,,,
2017/8/16,4387.40 ,,,,,,,,,
2017/8/17,4278.90 ,,,,,,,,,
2017/8/18,4105.40 ,,,,,,,,,
2017/8/19,4150.50 ,,,,,,,,,
2017/8/20,4066.60 ,,,,,,,,,
2017/8/21,4005.10 ,,,,,,,,,
2017/8/22,4089.70 ,,,,,,,,,
2017/8/23,4141.10 ,,,,,,,,,
2017/8/24,4318.40 ,,,,,,,,,
2017/8/25,4364.40 ,,,,,,,,,
2017/8/26,4352.30 ,,,,,,,,,
2017/8/27,4345.80 ,,,,,,,,,
2017/8/28,4390.30 ,,,,,,,,,
2017/8/29,4597.30 ,,,,,,,,,
2017/8/30,4583.00 ,,,,,,,,,
2017/8/31,4735.10 ,,,,,,,,,
2017/9/1,4921.90 ,,,,,,,,,
2017/9/2,4573.80 ,,,,,,,,,
2017/9/3,4612.90 ,,,,,,,,,
2017/9/4,4267.50 ,,,,,,,,,
2017/9/5,4409.10 ,,,,,,,,,
2017/9/6,4618.70 ,,,,,,,,,
2017/9/7,4635.60 ,,,,,,,,,
2017/9/8,4326.50 ,,,,,,,,,
2017/9/9,4335.10 ,,,,,,,,,
2017/9/10,4245.90 ,,,,,,,,,
2017/9/11,4217.90 ,,,,,,,,,
2017/9/12,4158.90 ,,,,,,,,,
2017/9/13,3870.30 ,,,,,,,,,
2017/9/14,3243.10 ,,,,,,,,,
2017/9/15,3713.80 ,,,,,,,,,
2017/9/16,3698.90 ,,,,,,,,,
2017/9/17,3689.60 ,,,,,,,,,
2017/9/18,4100.30 ,,,,,,,,,
2017/9/19,3908.00 ,,,,,,,,,
2017/9/20,3882.20 ,,,,,,,,,
2017/9/21,3617.30 ,,,,,,,,,
2017/9/22,3600.80 ,,,,,,,,,
2017/9/23,3788.00 ,,,,,,,,,
2017/9/24,3667.50 ,,,,,,,,,
2017/9/25,3932.80 ,,,,,,,,,
2017/9/26,3892.70 ,,,,,,,,,
2017/9/27,4212.20 ,,,,,,,,,
2017/9/28,4195.60 ,,,,,,,,,
2017/9/29,4172.80 ,,,,,,,,,
2017/9/30,4360.60 ,,,,,,,,,
2017/10/1,4403.10 ,,,,,,,,,
2017/10/2,4401.30 ,,,,,,,,,
2017/10/3,4314.20 ,,,,,,,,,
2017/10/4,4218.70 ,,,,,,,,,
2017/10/5,4321.40 ,,,,,,,,,
2017/10/6,4371.90 ,,,,,,,,,
2017/10/7,4435.80 ,,,,,,,,,
2017/10/8,4611.70 ,,,,,,,,,
2017/10/9,4777.50 ,,,,,,,,,
2017/10/10,4763.40 ,,,,,,,,,
2017/10/11,4824.20 ,,,,,,,,,
2017/10/12,5432.60 ,,,,,,,,,
2017/10/13,5637.30 ,,,,,,,,,
2017/10/14,5824.70 ,,,,,,,,,
2017/10/15,5688.10 ,,,,,,,,,
2017/10/16,5759.30 ,,,,,,,,,
2017/10/17,5598.60 ,,,,,,,,,
2017/10/18,5575.80 ,,,,,,,,,
2017/10/19,5698.60 ,,,,,,,,,
2017/10/20,5993.10 ,,,,,,,,,
2017/10/21,6006.60 ,,,,,,,,,
2017/10/22,5982.90 ,,,,,,,,,
2017/10/23,5903.60 ,,,,,,,,,
2017/10/24,5513.10 ,,,,,,,,,
2017/10/25,5734.00 ,,,,,,,,,
2017/10/26,5887.60 ,,,,,,,,,
2017/10/27,5764.60 ,,,,,,,,,
2017/10/28,5726.60 ,,,,,,,,,
2017/10/29,6147.50 ,,,,,,,,,
2017/10/30,6124.30 ,,,,,,,,,
2017/10/31,6451.20 ,,,,,,,,,
2017/11/1,6737.80 ,,,,,,,,,
2017/11/2,7024.80 ,,,,,,,,,
2017/11/3,7152.10 ,,,,,,,,,
2017/11/4,7363.80 ,,,,,,,,,
2017/11/5,7389.50 ,,,,,,,,,
2017/11/6,6959.20 ,,,,,,,,,
2017/11/7,7102.80 ,,,,,,,,,
2017/11/8,7444.40 ,,,,,,,,,
2017/11/9,7129.60 ,,,,,,,,,
2017/11/10,6565.80 ,,,,,,,,,
2017/11/11,6339.90 ,,,,,,,,,
2017/11/12,5878.10 ,,,,,,,,,
2017/11/13,6522.50 ,,,,,,,,,
2017/11/14,6597.10 ,,,,,,,,,
2017/11/15,7283.20 ,,,,,,,,,
2017/11/16,7853.70 ,,,,,,,,,
2017/11/17,7700.00 ,,,,,,,,,
2017/11/18,7780.90 ,,,,,,,,,
2017/11/19,8042.60 ,,,,,,,,,
2017/11/20,8244.70 ,,,,,,,,,
2017/11/21,8100.00 ,,,,,,,,,
2017/11/22,8234.50 ,,,,,,,,,
2017/11/23,8013.40 ,,,,,,,,,
2017/11/24,8200.80 ,,,,,,,,,
2017/11/25,8754.70 ,,,,,,,,,
2017/11/26,9318.40 ,,,,,,,,,
2017/11/27,9733.20 ,,,,,,,,,
2017/11/28,9906.00 ,,,,,,,,,
2017/11/29,9837.90 ,,,,,,,,,
2017/11/30,9946.80 ,,,,,,,,,
2017/12/1,10861.50 ,,,,,,,,,
2017/12/2,10912.70 ,,,,,,,,,
2017/12/3,11246.20 ,,,,,,,,,
2017/12/4,11623.90 ,,,,,,,,,
2017/12/5,11667.10 ,,,,,,,,,
2017/12/6,13749.60 ,,,,,,,,,
2017/12/7,16850.30 ,,,,,,,,,
2017/12/8,16047.60 ,,,,,,,,,
2017/12/9,14843.40 ,,,,,,,,,
2017/12/10,15059.60 ,,,,,,,,,
2017/12/11,16732.50 ,,,,,,,,,
2017/12/12,17083.90 ,,,,,,,,,
2017/12/13,16286.80 ,,,,,,,,,
2017/12/14,16467.90 ,,,,,,,,,
2017/12/15,17604.80 ,,,,,,,,,
2017/12/16,19345.50 ,,,,,,,,,
2017/12/17,19065.70 ,,,,,,,,,
2017/12/18,18972.30 ,,,,,,,,,
2017/12/19,17523.70 ,,,,,,,,,
2017/12/20,16462.00 ,,,,,,,,,
2017/12/21,15632.10 ,,,,,,,,,
2017/12/22,13665.00 ,,,,,,,,,
2017/12/23,14396.50 ,,,,,,,,,
2017/12/24,13790.00 ,,,,,,,,,
2017/12/25,13833.50 ,,,,,,,,,
2017/12/26,15756.60 ,,,,,,,,,
2017/12/27,15416.60 ,,,,,,,,,
2017/12/28,14398.70 ,,,,,,,,,
2017/12/29,14392.60 ,,,,,,,,,
2017/12/30,12531.50 ,,,,,,,,,
2017/12/31,13850.40 ,,,,,,,,,
2018/1/1,13444.90 ,,,,,,,,,
2018/1/2,14754.10 ,,,,,,,,,
2018/1/3,15156.60 ,,,,,,,,,
2018/1/4,15180.10 ,,,,,,,,,
2018/1/5,16954.80 ,,,,,,,,,
2018/1/6,17172.30 ,,,,,,,,,
2018/1/7,16228.20 ,,,,,,,,,
2018/1/8,14976.20 ,,,,,,,,,
2018/1/9,14778.50 ,,,,,,,,,
2018/1/10,15043.00 ,,,,,,,,,
2018/1/11,13535.40 ,,,,,,,,,
2018/1/12,13886.70 ,,,,,,,,,
2018/1/13,14292.20 ,,,,,,,,,
2018/1/14,13695.20 ,,,,,,,,,
2018/1/15,13697.50 ,,,,,,,,,
2018/1/16,11362.00 ,,,,,,,,,
2018/1/17,11192.30 ,,,,,,,,,
2018/1/18,11245.40 ,,,,,,,,,
2018/1/19,11580.20 ,,,,,,,,,
2018/1/20,12858.90 ,,,,,,,,,
2018/1/21,11594.90 ,,,,,,,,,
2018/1/22,10864.80 ,,,,,,,,,
2018/1/23,10903.20 ,,,,,,,,,
2018/1/24,11452.30 ,,,,,,,,,
2018/1/25,11203.00 ,,,,,,,,,
2018/1/26,11118.10 ,,,,,,,,,
2018/1/27,11467.50 ,,,,,,,,,
2018/1/28,11795.10 ,,,,,,,,,
2018/1/29,11244.80 ,,,,,,,,,
2018/1/30,10166.00 ,,,,,,,,,
2018/1/31,10265.40 ,,,,,,,,,
2018/2/1,9181.10 ,,,,,,,,,
2018/2/2,8893.20 ,,,,,,,,,
2018/2/3,9241.10 ,,,,,,,,,
2018/2/4,8222.20 ,,,,,,,,,
2018/2/5,6938.50 ,,,,,,,,,
2018/2/6,7701.20 ,,,,,,,,,
2018/2/7,7594.70 ,,,,,,,,,
2018/2/8,8164.20 ,,,,,,,,,
2018/2/9,8699.80 ,,,,,,,,,
2018/2/10,8559.60 ,,,,,,,,,
2018/2/11,8081.90 ,,,,,,,,,
2018/2/12,8903.50 ,,,,,,,,,
2018/2/13,8539.20 ,,,,,,,,,
2018/2/14,9476.30 ,,,,,,,,,
2018/2/15,10037.30 ,,,,,,,,,
2018/2/16,10178.70 ,,,,,,,,,
2018/2/17,11073.50 ,,,,,,,,,
2018/2/18,10398.80 ,,,,,,,,,
2018/2/19,11169.40 ,,,,,,,,,
2018/2/20,11238.70 ,,,,,,,,,
2018/2/21,10473.00 ,,,,,,,,,
2018/2/22,9841.70 ,,,,,,,,,
2018/2/23,10170.40 ,,,,,,,,,
2018/2/24,9704.30 ,,,,,,,,,
2018/2/25,9585.20 ,,,,,,,,,
2018/2/26,10285.10 ,,,,,,,,,
2018/2/27,10594.40 ,,,,,,,,,
2018/2/28,10333.90 ,,,,,,,,,
2018/3/1,10904.50 ,,,,,,,,,
2018/3/2,10827.70 ,,,,,,,,,
2018/3/3,11402.30 ,,,,,,,,,
2018/3/4,11416.50 ,,,,,,,,,
2018/3/5,11330.60 ,,,,,,,,,
2018/3/6,10675.10 ,,,,,,,,,
2018/3/7,9902.90 ,,,,,,,,,
2018/3/8,9300.00 ,,,,,,,,,
2018/3/9,9217.00 ,,,,,,,,,
2018/3/10,8762.00 ,,,,,,,,,
2018/3/11,9529.60 ,,,,,,,,,
2018/3/12,9137.40 ,,,,,,,,,
2018/3/13,9154.90 ,,,,,,,,,
2018/3/14,8210.60 ,,,,,,,,,
2018/3/15,8264.40 ,,,,,,,,,
2018/3/16,8289.20 ,,,,,,,,,
2018/3/17,7874.90 ,,,,,,,,,
2018/3/18,8201.20 ,,,,,,,,,
2018/3/19,8616.80 ,,,,,,,,,
2018/3/20,8912.60 ,,,,,,,,,
2018/3/21,8905.90 ,,,,,,,,,
2018/3/22,8726.20 ,,,,,,,,,
2018/3/23,8916.80 ,,,,,,,,,
2018/3/24,8547.40 ,,,,,,,,,
2018/3/25,8473.20 ,,,,,,,,,
2018/3/26,8143.50 ,,,,,,,,,
2018/3/27,7801.70 ,,,,,,,,,
2018/3/28,7954.90 ,,,,,,,,,
2018/3/29,7129.20 ,,,,,,,,,
2018/3/30,6853.70 ,,,,,,,,,
2018/3/31,6938.20 ,,,,,,,,,
2018/4/1,6825.20 ,,,,,,,,,
2018/4/2,7068.40 ,,,,,,,,,
2018/4/3,7424.20 ,,,,,,,,,
2018/4/4,6808.90 ,,,,,,,,,
2018/4/5,6782.00 ,,,,,,,,,
2018/4/6,6624.30 ,,,,,,,,,
2018/4/7,6905.70 ,,,,,,,,,
2018/4/8,7030.50 ,,,,,,,,,
2018/4/9,6781.90 ,,,,,,,,,
2018/4/10,6854.80 ,,,,,,,,,
2018/4/11,6962.10 ,,,,,,,,,
2018/4/12,7926.60 ,,,,,,,,,
2018/4/13,7887.40 ,,,,,,,,,
2018/4/14,8004.40 ,,,,,,,,,
2018/4/15,8363.60 ,,,,,,,,,
2018/4/16,8070.00 ,,,,,,,,,
2018/4/17,7908.60 ,,,,,,,,,
2018/4/18,8178.40 ,,,,,,,,,
2018/4/19,8290.80 ,,,,,,,,,
2018/4/20,8867.00 ,,,,,,,,,
2018/4/21,8923.10 ,,,,,,,,,
2018/4/22,8806.70 ,,,,,,,,,
2018/4/23,8952.80 ,,,,,,,,,
2018/4/24,9645.30 ,,,,,,,,,
2018/4/25,8873.10 ,,,,,,,,,
2018/4/26,9287.00 ,,,,,,,,,
2018/4/27,8940.90 ,,,,,,,,,
2018/4/28,9352.40 ,,,,,,,,,
2018/4/29,9415.10 ,,,,,,,,,
2018/4/30,9245.10 ,,,,,,,,,
2018/5/1,9074.90 ,,,,,,,,,
2018/5/2,9243.20 ,,,,,,,,,
2018/5/3,9749.70 ,,,,,,,,,
2018/5/4,9708.60 ,,,,,,,,,
2018/5/5,9853.50 ,,,,,,,,,
2018/5/6,9656.40 ,,,,,,,,,
2018/5/7,9431.60 ,,,,,,,,,
2018/5/8,9196.40 ,,,,,,,,,
2018/5/9,9319.10 ,,,,,,,,,
2018/5/10,9025.70 ,,,,,,,,,
2018/5/11,8408.30 ,,,,,,,,,
2018/5/12,8459.50 ,,,,,,,,,
2018/5/13,8693.50 ,,,,,,,,,
2018/5/14,8674.10 ,,,,,,,,,
2018/5/15,8477.00 ,,,,,,,,,
2018/5/16,8344.40 ,,,,,,,,,
2018/5/17,8063.00 ,,,,,,,,,
2018/5/18,8245.70 ,,,,,,,,,
2018/5/19,8245.10 ,,,,,,,,,
2018/5/20,8529.00 ,,,,,,,,,
2018/5/21,8403.30 ,,,,,,,,,
2018/5/22,8006.00 ,,,,,,,,,
2018/5/23,7512.30 ,,,,,,,,,
2018/5/24,7592.90 ,,,,,,,,,
2018/5/25,7477.70 ,,,,,,,,,
2018/5/26,7361.30 ,,,,,,,,,
2018/5/27,7366.70 ,,,,,,,,,
2018/5/28,7119.30 ,,,,,,,,,
2018/5/29,7467.70 ,,,,,,,,,
2018/5/30,7400.10 ,,,,,,,,,
2018/5/31,7502.60 ,,,,,,,,,
2018/6/1,7530.80 ,,,,,,,,,
2018/6/2,7646.60 ,,,,,,,,,
2018/6/3,7729.30 ,,,,,,,,,
2018/6/4,7504.30 ,,,,,,,,,
2018/6/5,7631.50 ,,,,,,,,,
2018/6/6,7661.00 ,,,,,,,,,
2018/6/7,7697.80 ,,,,,,,,,
2018/6/8,7622.10 ,,,,,,,,,
2018/6/9,7515.80 ,,,,,,,,,
2018/6/10,6775.10 ,,,,,,,,,
2018/6/11,6885.90 ,,,,,,,,,
2018/6/12,6558.20 ,,,,,,,,,
2018/6/13,6312.30 ,,,,,,,,,
2018/6/14,6647.10 ,,,,,,,,,
2018/6/15,6410.30 ,,,,,,,,,
2018/6/16,6505.80 ,,,,,,,,,
2018/6/17,6460.30 ,,,,,,,,,
2018/6/18,6719.80 ,,,,,,,,,
2018/6/19,6752.40 ,,,,,,,,,
2018/6/20,6765.40 ,,,,,,,,,
2018/6/21,6728.00 ,,,,,,,,,
2018/6/22,6055.70 ,,,,,,,,,
2018/6/23,6167.30 ,,,,,,,,,
2018/6/24,6154.60 ,,,,,,,,,
2018/6/25,6256.60 ,,,,,,,,,
2018/6/26,6082.10 ,,,,,,,,,
2018/6/27,6154.90 ,,,,,,,,,
2018/6/28,5883.50 ,,,,,,,,,
2018/6/29,6213.30 ,,,,,,,,,
2018/6/30,6398.90 ,,,,,,,,,
2018/7/1,6366.80 ,,,,,,,,,
2018/7/2,6619.50 ,,,,,,,,,
2018/7/3,6513.50 ,,,,,,,,,
2018/7/4,6598.40 ,,,,,,,,,
2018/7/5,6546.50 ,,,,,,,,,
2018/7/6,6617.70 ,,,,,,,,,
2018/7/7,6765.50 ,,,,,,,,,
2018/7/8,6714.80 ,,,,,,,,,
2018/7/9,6667.10 ,,,,,,,,,
2018/7/10,6307.20 ,,,,,,,,,
2018/7/11,6389.10 ,,,,,,,,,
2018/7/12,6250.60 ,,,,,,,,,
2018/7/13,6230.20 ,,,,,,,,,
2018/7/14,6254.80 ,,,,,,,,,
2018/7/15,6362.90 ,,,,,,,,,
2018/7/16,6729.90 ,,,,,,,,,
2018/7/17,7322.00 ,,,,,,,,,
2018/7/18,7383.60 ,,,,,,,,,
2018/7/19,7477.50 ,,,,,,,,,
2018/7/20,7339.40 ,,,,,,,,,
2018/7/21,7408.70 ,,,,,,,,,
2018/7/22,7412.30 ,,,,,,,,,
2018/7/23,7723.00 ,,,,,,,,,
2018/7/24,8407.00 ,,,,,,,,,
2018/7/25,8173.70 ,,,,,,,,,
2018/7/26,7937.00 ,,,,,,,,,
2018/7/27,8187.40 ,,,,,,,,,
2018/7/28,8234.10 ,,,,,,,,,
2018/7/29,8215.60 ,,,,,,,,,
2018/7/30,8177.10 ,,,,,,,,,
2018/7/31,7729.40 ,,,,,,,,,
2018/8/1,7606.40 ,,,,,,,,,
2018/8/2,7535.60 ,,,,,,,,,
2018/8/3,7419.00 ,,,,,,,,,
2018/8/4,7014.30 ,,,,,,,,,
2018/8/5,7027.10 ,,,,,,,,,
2018/8/6,6943.60 ,,,,,,,,,
2018/8/7,6724.90 ,,,,,,,,,
2018/8/8,6283.60 ,,,,,,,,,
2018/8/9,6538.80 ,,,,,,,,,
2018/8/10,6152.30 ,,,,,,,,,
2018/8/11,6231.60 ,,,,,,,,,
2018/8/12,6313.00 ,,,,,,,,,
2018/8/13,6255.30 ,,,,,,,,,
2018/8/14,6190.20 ,,,,,,,,,
2018/8/15,6256.90 ,,,,,,,,,
2018/8/16,6306.70 ,,,,,,,,,
2018/8/17,6581.70 ,,,,,,,,,
2018/8/18,6379.10 ,,,,,,,,,
2018/8/19,6481.50 ,,,,,,,,,
2018/8/20,6268.10 ,,,,,,,,,
2018/8/21,6482.20 ,,,,,,,,,
2018/8/22,6359.60 ,,,,,,,,,
2018/8/23,6521.20 ,,,,,,,,,
2018/8/24,6680.40 ,,,,,,,,,
2018/8/25,6734.80 ,,,,,,,,,
2018/8/26,6712.70 ,,,,,,,,,
2018/8/27,6897.60 ,,,,,,,,,
2018/8/28,7074.60 ,,,,,,,,,
2018/8/29,7029.10 ,,,,,,,,,
2018/8/30,6993.70 ,,,,,,,,,
2018/8/31,7033.80 ,,,,,,,,,
2018/9/1,7189.60 ,,,,,,,,,
2018/9/2,7293.90 ,,,,,,,,,
2018/9/3,7264.20 ,,,,,,,,,
2018/9/4,7377.50 ,,,,,,,,,
2018/9/5,6706.80 ,,,,,,,,,
2018/9/6,6514.00 ,,,,,,,,,
2018/9/7,6390.90 ,,,,,,,,,
2018/9/8,6184.30 ,,,,,,,,,
2018/9/9,6238.50 ,,,,,,,,,
2018/9/10,6321.00 ,,,,,,,,,
2018/9/11,6293.90 ,,,,,,,,,
2018/9/12,6338.00 ,,,,,,,,,
2018/9/13,6482.90 ,,,,,,,,,
2018/9/14,6483.70 ,,,,,,,,,
2018/9/15,6519.00 ,,,,,,,,,
2018/9/16,6500.20 ,,,,,,,,,
2018/9/17,6251.90 ,,,,,,,,,
2018/9/18,6342.00 ,,,,,,,,,
2018/9/19,6390.40 ,,,,,,,,,
2018/9/20,6489.20 ,,,,,,,,,
2018/9/21,6766.70 ,,,,,,,,,
2018/9/22,6729.60 ,,,,,,,,,
2018/9/23,6704.10 ,,,,,,,,,
2018/9/24,6584.10 ,,,,,,,,,
2018/9/25,6445.10 ,,,,,,,,,
2018/9/26,6468.10 ,,,,,,,,,
2018/9/27,6689.20 ,,,,,,,,,
2018/9/28,6636.00 ,,,,,,,,,
2018/9/29,6603.90 ,,,,,,,,,
2018/9/30,6635.20 ,,,,,,,,,
2018/10/1,6608.20 ,,,,,,,,,
2018/10/2,6549.90 ,,,,,,,,,
2018/10/3,6507.80 ,,,,,,,,,
2018/10/4,6584.20 ,,,,,,,,,
2018/10/5,6639.10 ,,,,,,,,,
2018/10/6,6596.30 ,,,,,,,,,
2018/10/7,6611.00 ,,,,,,,,,
2018/10/8,6669.60 ,,,,,,,,,
2018/10/9,6650.80 ,,,,,,,,,
2018/10/10,6618.00 ,,,,,,,,,
2018/10/11,6239.10 ,,,,,,,,,
2018/10/12,6291.30 ,,,,,,,,,
2018/10/13,6321.70 ,,,,,,,,,
2018/10/14,6326.80 ,,,,,,,,,
2018/10/15,6699.80 ,,,,,,,,,
2018/10/16,6705.30 ,,,,,,,,,
2018/10/17,6686.60 ,,,,,,,,,
2018/10/18,6574.10 ,,,,,,,,,
2018/10/19,6512.00 ,,,,,,,,,
2018/10/20,6572.20 ,,,,,,,,,
2018/10/21,6583.00 ,,,,,,,,,
2018/10/22,6555.80 ,,,,,,,,,
2018/10/23,6528.70 ,,,,,,,,,
2018/10/24,6530.70 ,,,,,,,,,
2018/10/25,6507.00 ,,,,,,,,,
2018/10/26,6510.00 ,,,,,,,,,
2018/10/27,6494.20 ,,,,,,,,,
2018/10/28,6486.10 ,,,,,,,,,
2018/10/29,6335.00 ,,,,,,,,,
2018/10/30,6325.70 ,,,,,,,,,
2018/10/31,6365.90 ,,,,,,,,,
2018/11/1,6400.50 ,,,,,,,,,
2018/11/2,6424.70 ,,,,,,,,,
2018/11/3,6386.20 ,,,,,,,,,
2018/11/4,6478.20 ,,,,,,,,,
2018/11/5,6459.70 ,,,,,,,,,
2018/11/6,6502.80 ,,,,,,,,,
2018/11/7,6565.30 ,,,,,,,,,
2018/11/8,6474.00 ,,,,,,,,,
2018/11/9,6412.00 ,,,,,,,,,
2018/11/10,6427.10 ,,,,,,,,,
2018/11/11,6446.10 ,,,,,,,,,
2018/11/12,6435.00 ,,,,,,,,,
2018/11/13,6429.20 ,,,,,,,,,
2018/11/14,5842.40 ,,,,,,,,,
2018/11/15,5718.90 ,,,,,,,,,
2018/11/16,5636.20 ,,,,,,,,,
2018/11/17,5621.80 ,,,,,,,,,
2018/11/18,5658.30 ,,,,,,,,,
2018/11/19,4883.80 ,,,,,,,,,
2018/11/20,4524.60 ,,,,,,,,,
2018/11/21,4638.70 ,,,,,,,,,
2018/11/22,4356.00 ,,,,,,,,,
2018/11/23,4398.00 ,,,,,,,,,
2018/11/24,3920.40 ,,,,,,,,,
2018/11/25,4062.20 ,,,,,,,,,
2018/11/26,3837.00 ,,,,,,,,,
2018/11/27,3866.50 ,,,,,,,,,
2018/11/28,4265.40 ,,,,,,,,,
2018/11/29,4296.50 ,,,,,,,,,
2018/11/30,4039.70 ,,,,,,,,,
2018/12/1,4196.20 ,,,,,,,,,
2018/12/2,4160.40 ,,,,,,,,,
2018/12/3,3897.80 ,,,,,,,,,
2018/12/4,3958.50 ,,,,,,,,,
2018/12/5,3771.60 ,,,,,,,,,
2018/12/6,3508.60 ,,,,,,,,,
2018/12/7,3422.20 ,,,,,,,,,
2018/12/8,3430.40 ,,,,,,,,,
2018/12/9,3567.50 ,,,,,,,,,
2018/12/10,3460.50 ,,,,,,,,,
2018/12/11,3407.70 ,,,,,,,,,
2018/12/12,3466.10 ,,,,,,,,,
2018/12/13,3315.30 ,,,,,,,,,
2018/12/14,3247.80 ,,,,,,,,,
2018/12/15,3228.70 ,,,,,,,,,
2018/12/16,3247.90 ,,,,,,,,,
2018/12/17,3526.10 ,,,,,,,,,
2018/12/18,3668.00 ,,,,,,,,,
2018/12/19,3687.10 ,,,,,,,,,
2018/12/20,4076.00 ,,,,,,,,,
2018/12/21,3850.90 ,,,,,,,,,
2018/12/22,3964.40 ,,,,,,,,,
2018/12/23,3944.40 ,,,,,,,,,
2018/12/24,4026.10 ,,,,,,,,,
2018/12/25,3762.50 ,,,,,,,,,
2018/12/26,3793.70 ,,,,,,,,,
2018/12/27,3586.90 ,,,,,,,,,
2018/12/28,3861.60 ,,,,,,,,,
2018/12/29,3706.80 ,,,,,,,,,
2018/12/30,3815.00 ,,,,,,,,,
2018/12/31,3709.40 ,,,,,,,,,
2019/1/1,3809.40 ,,,,,,,,,
2019/1/2,3873.80 ,,,,,,,,,
2019/1/3,3780.10 ,,,,,,,,,
2019/1/4,3802.70 ,,,,,,,,,
2019/1/5,3785.40 ,,,,,,,,,
2019/1/6,4004.10 ,,,,,,,,,
2019/1/7,3985.90 ,,,,,,,,,
2019/1/8,3971.00 ,,,,,,,,,
2019/1/9,3978.00 ,,,,,,,,,
2019/1/10,3603.70 ,,,,,,,,,
2019/1/11,3616.50 ,,,,,,,,,
2019/1/12,3597.20 ,,,,,,,,,
2019/1/13,3490.20 ,,,,,,,,,
2019/1/14,3638.10 ,,,,,,,,,
2019/1/15,3571.30 ,,,,,,,,,
2019/1/16,3588.00 ,,,,,,,,,
2019/1/17,3626.40 ,,,,,,,,,
2019/1/18,3605.60 ,,,,,,,,,
2019/1/19,3677.80 ,,,,,,,,,
2019/1/20,3542.30 ,,,,,,,,,
2019/1/21,3536.70 ,,,,,,,,,
2019/1/22,3580.10 ,,,,,,,,,
2019/1/23,3561.50 ,,,,,,,,,
2019/1/24,3574.30 ,,,,,,,,,
2019/1/25,3572.00 ,,,,,,,,,
2019/1/26,3570.90 ,,,,,,,,,
2019/1/27,3555.60 ,,,,,,,,,
2019/1/28,3442.80 ,,,,,,,,,
2019/1/29,3414.80 ,,,,,,,,,
2019/1/30,3460.00 ,,,,,,,,,
2019/1/31,3437.20 ,,,,,,,,,
2019/2/1,3467.90 ,,,,,,,,,
2019/2/2,3502.50 ,,,,,,,,,
2019/2/3,3459.10 ,,,,,,,,,
2019/2/4,3462.80 ,,,,,,,,,
2019/2/5,3468.40 ,,,,,,,,,
2019/2/6,3404.30 ,,,,,,,,,
2019/2/7,3397.70 ,,,,,,,,,
2019/2/8,3661.70 ,,,,,,,,,
2019/2/9,3661.40 ,,,,,,,,,
2019/2/10,3679.00 ,,,,,,,,,
2019/2/11,3631.80 ,,,,,,,,,
2019/2/12,3632.00 ,,,,,,,,,
2019/2/13,3611.50 ,,,,,,,,,
2019/2/14,3592.60 ,,,,,,,,,
2019/2/15,3604.70 ,,,,,,,,,
2019/2/16,3616.80 ,,,,,,,,,
2019/2/17,3664.20 ,,,,,,,,,
2019/2/18,3896.00 ,,,,,,,,,
2019/2/19,3914.30 ,,,,,,,,,
2019/2/20,3972.40 ,,,,,,,,,
2019/2/21,3936.60 ,,,,,,,,,
2019/2/22,3965.20 ,,,,,,,,,
2019/2/23,4120.40 ,,,,,,,,,
2019/2/24,3755.20 ,,,,,,,,,
2019/2/25,3833.70 ,,,,,,,,,
2019/2/26,3810.30 ,,,,,,,,,
2019/2/27,3814.60 ,,,,,,,,,
2019/2/28,3816.60 ,,,,,,,,,
2019/3/1,3821.90 ,,,,,,,,,
2019/3/2,3823.10 ,,,,,,,,,
2019/3/3,3809.50 ,,,,,,,,,
2019/3/4,3715.90 ,,,,,,,,,
2019/3/5,3857.20 ,,,,,,,,,
2019/3/6,3863.00 ,,,,,,,,,
2019/3/7,3875.10 ,,,,,,,,,
2019/3/8,3865.90 ,,,,,,,,,
2019/3/9,3944.30 ,,,,,,,,,
2019/3/10,3915.20 ,,,,,,,,,
2019/3/11,3870.30 ,,,,,,,,,
2019/3/12,3886.00 ,,,,,,,,,
2019/3/13,3865.10 ,,,,,,,,,
2019/3/14,3879.00 ,,,,,,,,,
2019/3/15,3924.30 ,,,,,,,,,
2019/3/16,4006.40 ,,,,,,,,,
2019/3/17,3981.50 ,,,,,,,,,
2019/3/18,3990.20 ,,,,,,,,,
2019/3/19,4017.00 ,,,,,,,,,
2019/3/20,4041.20 ,,,,,,,,,
2019/3/21,3982.20 ,,,,,,,,,
2019/3/22,3990.40 ,,,,,,,,,
2019/3/23,4002.50 ,,,,,,,,,
2019/3/24,3994.70 ,,,,,,,,,
2019/3/25,3937.00 ,,,,,,,,,
2019/3/26,3942.80 ,,,,,,,,,
2019/3/27,4041.70 ,,,,,,,,,
2019/3/28,4025.60 ,,,,,,,,,
2019/3/29,4102.20 ,,,,,,,,,
2019/3/30,4111.80 ,,,,,,,,,
2019/3/31,4102.30 ,,,,,,,,,
2019/4/1,4145.10 ,,,,,,,,,
2019/4/2,4859.30 ,,,,,,,,,
2019/4/3,4968.70 ,,,,,,,,,
2019/4/4,4902.40 ,,,,,,,,,
2019/4/5,5010.20 ,,,,,,,,,
2019/4/6,5046.20 ,,,,,,,,,
2019/4/7,5173.60 ,,,,,,,,,
2019/4/8,5245.20 ,,,,,,,,,
2019/4/9,5158.40 ,,,,,,,,,
2019/4/10,5307.80 ,,,,,,,,,
2019/4/11,5022.60 ,,,,,,,,,
2019/4/12,5054.20 ,,,,,,,,,
2019/4/13,5051.80 ,,,,,,,,,
2019/4/14,5134.80 ,,,,,,,,,
2019/4/15,5032.30 ,,,,,,,,,
2019/4/16,5180.90 ,,,,,,,,,
2019/4/17,5208.30 ,,,,,,,,,
2019/4/18,5264.70 ,,,,,,,,,
2019/4/19,5241.00 ,,,,,,,,,
2019/4/20,5290.20 ,,,,,,,,,
2019/4/21,5243.50 ,,,,,,,,,
2019/4/22,5346.70 ,,,,,,,,,
2019/4/23,5511.60 ,,,,,,,,,
2019/4/24,5415.60 ,,,,,,,,,
2019/4/25,5209.10 ,,,,,,,,,
2019/4/26,5298.30 ,,,,,,,,,
2019/4/27,5265.90 ,,,,,,,,,
2019/4/28,5302.30 ,,,,,,,,,
2019/4/29,5235.00 ,,,,,,,,,
2019/4/30,5320.80 ,,,,,,,,,
2019/5/1,5384.20 ,,,,,,,,,
2019/5/2,5493.80 ,,,,,,,,,
2019/5/3,5766.80 ,,,,,,,,,
2019/5/4,5830.90 ,,,,,,,,,
2019/5/5,5774.90 ,,,,,,,,,
2019/5/6,5745.10 ,,,,,,,,,
2019/5/7,5849.50 ,,,,,,,,,
2019/5/8,5990.30 ,,,,,,,,,
2019/5/9,6191.50 ,,,,,,,,,
2019/5/10,6386.00 ,,,,,,,,,
2019/5/11,7190.30 ,,,,,,,,,
2019/5/12,6984.80 ,,,,,,,,,
2019/5/13,7806.00 ,,,,,,,,,
2019/5/14,7994.60 ,,,,,,,,,
2019/5/15,8164.60 ,,,,,,,,,
2019/5/16,7871.80 ,,,,,,,,,
2019/5/17,7359.50 ,,,,,,,,,
2019/5/18,7262.60 ,,,,,,,,,
2019/5/19,8157.20 ,,,,,,,,,
2019/5/20,7965.30 ,,,,,,,,,
2019/5/21,7930.30 ,,,,,,,,,
2019/5/22,7635.70 ,,,,,,,,,
2019/5/23,7852.10 ,,,,,,,,,
2019/5/24,7970.10 ,,,,,,,,,
2019/5/25,8027.40 ,,,,,,,,,
2019/5/26,8630.20 ,,,,,,,,,
2019/5/27,8760.10 ,,,,,,,,,
2019/5/28,8716.30 ,,,,,,,,,
2019/5/29,8647.80 ,,,,,,,,,
2019/5/30,8271.90 ,,,,,,,,,
2019/5/31,8558.30 ,,,,,,,,,
2019/6/1,8545.70 ,,,,,,,,,
2019/6/2,8728.60 ,,,,,,,,,
2019/6/3,8124.80 ,,,,,,,,,
2019/6/4,7685.50 ,,,,,,,,,
2019/6/5,7779.10 ,,,,,,,,,
2019/6/6,7784.90 ,,,,,,,,,
2019/6/7,7985.20 ,,,,,,,,,
2019/6/8,7901.40 ,,,,,,,,,
2019/6/9,7635.00 ,,,,,,,,,
2019/6/10,7987.80 ,,,,,,,,,
2019/6/11,7888.00 ,,,,,,,,,
2019/6/12,8133.10 ,,,,,,,,,
2019/6/13,8219.00 ,,,,,,,,,
2019/6/14,8656.10 ,,,,,,,,,
2019/6/15,8812.50 ,,,,,,,,,
2019/6/16,8962.50 ,,,,,,,,,
2019/6/17,9318.80 ,,,,,,,,,
2019/6/18,9080.60 ,,,,,,,,,
2019/6/19,9255.40 ,,,,,,,,,
2019/6/20,9517.00 ,,,,,,,,,
2019/6/21,10179.30 ,,,,,,,,,
2019/6/22,10721.70 ,,,,,,,,,
2019/6/23,10897.10 ,,,,,,,,,
2019/6/24,11046.40 ,,,,,,,,,
2019/6/25,11809.90 ,,,,,,,,,
2019/6/26,13063.80 ,,,,,,,,,
2019/6/27,11287.80 ,,,,,,,,,
2019/6/28,12409.10 ,,,,,,,,,
2019/6/29,11906.50 ,,,,,,,,,
2019/6/30,10818.60 ,,,,,,,,,
2019/7/1,10616.60 ,,,,,,,,,
2019/7/2,10835.90 ,,,,,,,,,
2019/7/3,11900.80 ,,,,,,,,,
2019/7/4,11163.10 ,,,,,,,,,
2019/7/5,10970.20 ,,,,,,,,,
2019/7/6,11268.00 ,,,,,,,,,
2019/7/7,11415.90 ,,,,,,,,,
2019/7/8,12252.60 ,,,,,,,,,
2019/7/9,12541.50 ,,,,,,,,,
2019/7/10,12110.60 ,,,,,,,,,
2019/7/11,11342.30 ,,,,,,,,,
2019/7/12,11762.10 ,,,,,,,,,
2019/7/13,11364.90 ,,,,,,,,,
2019/7/14,10200.10 ,,,,,,,,,
2019/7/15,10845.90 ,,,,,,,,,
2019/7/16,9424.80 ,,,,,,,,,
2019/7/17,9723.20 ,,,,,,,,,
2019/7/18,10651.40 ,,,,,,,,,
2019/7/19,10571.50 ,,,,,,,,,
2019/7/20,10826.70 ,,,,,,,,,
2019/7/21,10714.40 ,,,,,,,,,
2019/7/22,10412.50 ,,,,,,,,,
2019/7/23,9888.70 ,,,,,,,,,
2019/7/24,9804.30 ,,,,,,,,,
2019/7/25,9945.30 ,,,,,,,,,
2019/7/26,9831.00 ,,,,,,,,,
2019/7/27,9492.10 ,,,,,,,,,
2019/7/28,9727.80 ,,,,,,,,,
2019/7/29,9580.90 ,,,,,,,,,
2019/7/30,9580.70 ,,,,,,,,,
2019/7/31,10082.00 ,,,,,,,,,
2019/8/1,10380.00 ,,,,,,,,,
2019/8/2,10520.10 ,,,,,,,,,
2019/8/3,10815.70 ,,,,,,,,,
2019/8/4,10934.60 ,,,,,,,,,
2019/8/5,11816.80 ,,,,,,,,,
2019/8/6,11480.90 ,,,,,,,,,
2019/8/7,12013.90 ,,,,,,,,,
2019/8/8,12191.60 ,,,,,,,,,
2019/8/9,12089.80 ,,,,,,,,,
2019/8/10,11314.50 ,,,,,,,,,
2019/8/11,11517.20 ,,,,,,,,,
2019/8/12,11394.20 ,,,,,,,,,
2019/8/13,10892.90 ,,,,,,,,,
2019/8/14,10049.40 ,,,,,,,,,
2019/8/15,10303.40 ,,,,,,,,,
2019/8/16,10335.60 ,,,,,,,,,
2019/8/17,10218.10 ,,,,,,,,,
2019/8/18,10312.70 ,,,,,,,,,
2019/8/19,10910.70 ,,,,,,,,,
2019/8/20,10752.60 ,,,,,,,,,
2019/8/21,10141.50 ,,,,,,,,,
2019/8/22,10105.00 ,,,,,,,,,
2019/8/23,10388.70 ,,,,,,,,,
2019/8/24,10131.00 ,,,,,,,,,
2019/8/25,10136.30 ,,,,,,,,,
2019/8/26,10371.80 ,,,,,,,,,
2019/8/27,10184.80 ,,,,,,,,,
2019/8/28,9729.40 ,,,,,,,,,
2019/8/29,9491.00 ,,,,,,,,,
2019/8/30,9585.40 ,,,,,,,,,
2019/8/31,9594.40 ,,,,,,,,,
2019/9/1,9729.30 ,,,,,,,,,
2019/9/2,10348.80 ,,,,,,,,,
2019/9/3,10612.30 ,,,,,,,,,
2019/9/4,10568.20 ,,,,,,,,,
2019/9/5,10566.90 ,,,,,,,,,
2019/9/6,10309.30 ,,,,,,,,,
2019/9/7,10461.10 ,,,,,,,,,
2019/9/8,10402.80 ,,,,,,,,,
2019/9/9,10309.00 ,,,,,,,,,
2019/9/10,10105.40 ,,,,,,,,,
2019/9/11,10162.50 ,,,,,,,,,
2019/9/12,10415.10 ,,,,,,,,,
2019/9/13,10342.10 ,,,,,,,,,
2019/9/14,10337.30 ,,,,,,,,,
2019/9/15,10311.50 ,,,,,,,,,
2019/9/16,10255.50 ,,,,,,,,,
2019/9/17,10195.70 ,,,,,,,,,
2019/9/18,10164.70 ,,,,,,,,,
2019/9/19,10250.50 ,,,,,,,,,
2019/9/20,10172.70 ,,,,,,,,,
2019/9/21,9993.00 ,,,,,,,,,
2019/9/22,10031.60 ,,,,,,,,,
2019/9/23,9702.20 ,,,,,,,,,
2019/9/24,8513.90 ,,,,,,,,,
2019/9/25,8432.40 ,,,,,,,,,
2019/9/26,8063.80 ,,,,,,,,,
2019/9/27,8184.90 ,,,,,,,,,
2019/9/28,8208.50 ,,,,,,,,,
2019/9/29,8049.10 ,,,,,,,,,
2019/9/30,8284.30 ,,,,,,,,,
2019/10/1,8302.70 ,,,,,,,,,
2019/10/2,8364.10 ,,,,,,,,,
2019/10/3,8226.90 ,,,,,,,,,
2019/10/4,8148.10 ,,,,,,,,,
2019/10/5,8127.30 ,,,,,,,,,
2019/10/6,7881.90 ,,,,,,,,,
2019/10/7,8198.60 ,,,,,,,,,
2019/10/8,8182.90 ,,,,,,,,,
2019/10/9,8566.70 ,,,,,,,,,
2019/10/10,8562.30 ,,,,,,,,,
2019/10/11,8267.80 ,,,,,,,,,
2019/10/12,8304.40 ,,,,,,,,,
2019/10/13,8281.50 ,,,,,,,,,
2019/10/14,8353.30 ,,,,,,,,,
2019/10/15,8167.20 ,,,,,,,,,
2019/10/16,8000.40 ,,,,,,,,,
2019/10/17,8073.30 ,,,,,,,,,
2019/10/18,7948.50 ,,,,,,,,,
2019/10/19,7957.30 ,,,,,,,,,
2019/10/20,8223.40 ,,,,,,,,,
2019/10/21,8208.20 ,,,,,,,,,
2019/10/22,8031.40 ,,,,,,,,,
2019/10/23,7477.00 ,,,,,,,,,
2019/10/24,7422.70 ,,,,,,,,,
2019/10/25,8658.30 ,,,,,,,,,
2019/10/26,9230.60 ,,,,,,,,,
2019/10/27,9529.60 ,,,,,,,,,
2019/10/28,9207.20 ,,,,,,,,,
2019/10/29,9411.30 ,,,,,,,,,
2019/10/30,9157.90 ,,,,,,,,,
2019/10/31,9152.60 ,,,,,,,,,
2019/11/1,9230.10 ,,,,,,,,,
2019/11/2,9300.60 ,,,,,,,,,
2019/11/3,9198.30 ,,,,,,,,,
2019/11/4,9396.40 ,,,,,,,,,
2019/11/5,9310.80 ,,,,,,,,,
2019/11/6,9338.90 ,,,,,,,,,
2019/11/7,9223.50 ,,,,,,,,,
2019/11/8,8778.20 ,,,,,,,,,
2019/11/9,8804.50 ,,,,,,,,,
2019/11/10,9036.80 ,,,,,,,,,
2019/11/11,8736.90 ,,,,,,,,,
2019/11/12,8812.60 ,,,,,,,,,
2019/11/13,8783.10 ,,,,,,,,,
2019/11/14,8661.20 ,,,,,,,,,
2019/11/15,8476.30 ,,,,,,,,,
2019/11/16,8497.30 ,,,,,,,,,
2019/11/17,8509.80 ,,,,,,,,,
2019/11/18,8208.40 ,,,,,,,,,
2019/11/19,8145.70 ,,,,,,,,,
2019/11/20,8099.30 ,,,,,,,,,
2019/11/21,7627.90 ,,,,,,,,,
2019/11/22,7272.50 ,,,,,,,,,
2019/11/23,7324.10 ,,,,,,,,,
2019/11/24,6924.70 ,,,,,,,,,
2019/11/25,7115.60 ,,,,,,,,,
2019/11/26,7162.80 ,,,,,,,,,
2019/11/27,7510.60 ,,,,,,,,,
2019/11/28,7426.70 ,,,,,,,,,
2019/11/29,7742.70 ,,,,,,,,,
2019/11/30,7546.60 ,,,,,,,,,
2019/12/1,7396.40 ,,,,,,,,,
2019/12/2,7298.20 ,,,,,,,,,
2019/12/3,7291.80 ,,,,,,,,,
2019/12/4,7204.40 ,,,,,,,,,
2019/12/5,7399.20 ,,,,,,,,,
2019/12/6,7530.80 ,,,,,,,,,
2019/12/7,7510.90 ,,,,,,,,,
2019/12/8,7524.40 ,,,,,,,,,
2019/12/9,7355.80 ,,,,,,,,,
2019/12/10,7235.70 ,,,,,,,,,
2019/12/11,7208.00 ,,,,,,,,,
2019/12/12,7208.00 ,,,,,,,,,
2019/12/13,7255.20 ,,,,,,,,,
2019/12/14,7080.80 ,,,,,,,,,
2019/12/15,7128.50 ,,,,,,,,,
2019/12/16,6903.50 ,,,,,,,,,
2019/12/17,6613.30 ,,,,,,,,,
2019/12/18,7276.00 ,,,,,,,,,
2019/12/19,7165.50 ,,,,,,,,,
2019/12/20,7196.40 ,,,,,,,,,
2019/12/21,7156.20 ,,,,,,,,,
2019/12/22,7495.80 ,,,,,,,,,
2019/12/23,7322.80 ,,,,,,,,,
2019/12/24,7268.30 ,,,,,,,,,
2019/12/25,7224.80 ,,,,,,,,,
2019/12/26,7210.90 ,,,,,,,,,
2019/12/27,7261.70 ,,,,,,,,,
2019/12/28,7321.50 ,,,,,,,,,
2019/12/29,7397.50 ,,,,,,,,,
2019/12/30,7261.80 ,,,,,,,,,
2019/12/31,7196.40 ,,,,,,,,,
2020/1/1,7199.80 ,,,,,,,,,
2020/1/2,6967.00 ,,,,,,,,,
2020/1/3,7343.10 ,,,,,,,,,
2020/1/4,7376.80 ,,,,,,,,,
2020/1/5,7372.50 ,,,,,,,,,
2020/1/6,7759.10 ,,,,,,,,,
2020/1/7,8155.70 ,,,,,,,,,
2020/1/8,8059.60 ,,,,,,,,,
2020/1/9,7842.40 ,,,,,,,,,
2020/1/10,8187.10 ,,,,,,,,,
2020/1/11,8024.10 ,,,,,,,,,
2020/1/12,8187.60 ,,,,,,,,,
2020/1/13,8111.40 ,,,,,,,,,
2020/1/14,8829.20 ,,,,,,,,,
2020/1/15,8818.30 ,,,,,,,,,
2020/1/16,8726.90 ,,,,,,,,,
2020/1/17,8913.10 ,,,,,,,,,
2020/1/18,8916.30 ,,,,,,,,,
2020/1/19,8706.20 ,,,,,,,,,
2020/1/20,8641.90 ,,,,,,,,,
2020/1/21,8732.60 ,,,,,,,,,
2020/1/22,8678.50 ,,,,,,,,,
2020/1/23,8405.10 ,,,,,,,,,
2020/1/24,8439.90 ,,,,,,,,,
2020/1/25,8341.60 ,,,,,,,,,
2020/1/26,8607.80 ,,,,,,,,,
2020/1/27,8866.60 ,,,,,,,,,
2020/1/28,9377.30 ,,,,,,,,,
2020/1/29,9298.90 ,,,,,,,,,
2020/1/30,9507.30 ,,,,,,,,,
2020/1/31,9349.10 ,,,,,,,,,
2020/2/1,9381.60 ,,,,,,,,,
2020/2/2,9334.90 ,,,,,,,,,
2020/2/3,9296.60 ,,,,,,,,,
2020/2/4,9193.90 ,,,,,,,,,
2020/2/5,9611.80 ,,,,,,,,,
2020/2/6,9772.00 ,,,,,,,,,
2020/2/7,9818.60 ,,,,,,,,,
2020/2/8,9895.50 ,,,,,,,,,
2020/2/9,10151.50 ,,,,,,,,,
2020/2/10,9854.10 ,,,,,,,,,
2020/2/11,10229.50 ,,,,,,,,,
2020/2/12,10317.70 ,,,,,,,,,
2020/2/13,10235.10 ,,,,,,,,,
2020/2/14,10333.00 ,,,,,,,,,
2020/2/15,9907.70 ,,,,,,,,,
2020/2/16,9932.30 ,,,,,,,,,
2020/2/17,9701.40 ,,,,,,,,,
2020/2/18,10158.40 ,,,,,,,,,
2020/2/19,9609.40 ,,,,,,,,,
2020/2/20,9602.40 ,,,,,,,,,
2020/2/21,9684.50 ,,,,,,,,,
2020/2/22,9655.70 ,,,,,,,,,
2020/2/23,9942.70 ,,,,,,,,,
2020/2/24,9662.70 ,,,,,,,,,
2020/2/25,9317.20 ,,,,,,,,,
2020/2/26,8800.30 ,,,,,,,,,
2020/2/27,8818.60 ,,,,,,,,,
2020/2/28,8697.50 ,,,,,,,,,
2020/2/29,8543.70 ,,,,,,,,,
2020/3/1,8540.00 ,,,,,,,,,
2020/3/2,8904.80 ,,,,,,,,,
2020/3/3,8761.40 ,,,,,,,,,
2020/3/4,8757.90 ,,,,,,,,,
2020/3/5,9060.30 ,,,,,,,,,
2020/3/6,9134.80 ,,,,,,,,,
2020/3/7,8887.80 ,,,,,,,,,
2020/3/8,8034.10 ,,,,,,,,,
2020/3/9,7933.00 ,,,,,,,,,
2020/3/10,7891.20 ,,,,,,,,,
2020/3/11,7935.10 ,,,,,,,,,
2020/3/12,4826.00 ,,,,,,,,,
2020/3/13,5584.30 ,,,,,,,,,
2020/3/14,5182.70 ,,,,,,,,,
2020/3/15,5366.30 ,,,,,,,,,
2020/3/16,5030.00 ,,,,,,,,,
2020/3/17,5261.10 ,,,,,,,,,
2020/3/18,5361.40 ,,,,,,,,,
2020/3/19,6172.00 ,,,,,,,,,
2020/3/20,6205.30 ,,,,,,,,,
2020/3/21,6186.20 ,,,,,,,,,
2020/3/22,5822.10 ,,,,,,,,,
2020/3/23,6468.90 ,,,,,,,,,
2020/3/24,6744.60 ,,,,,,,,,
2020/3/25,6678.90 ,,,,,,,,,
2020/3/26,6725.10 ,,,,,,,,,
2020/3/27,6373.40 ,,,,,,,,,
2020/3/28,6233.70 ,,,,,,,,,
2020/3/29,5890.40 ,,,,,,,,,
2020/3/30,6391.00 ,,,,,,,,,
2020/3/31,6412.50 ,,,,,,,,,
2020/4/1,6638.50 ,,,,,,,,,
2020/4/2,6800.50 ,,,,,,,,,
2020/4/3,6735.90 ,,,,,,,,,
2020/4/4,6857.40 ,,,,,,,,,
2020/4/5,6772.70 ,,,,,,,,,
2020/4/6,7332.30 ,,,,,,,,,
2020/4/7,7185.20 ,,,,,,,,,
2020/4/8,7361.20 ,,,,,,,,,
2020/4/9,7289.00 ,,,,,,,,,
2020/4/10,6863.10 ,,,,,,,,,
2020/4/11,6867.80 ,,,,,,,,,
2020/4/12,6917.60 ,,,,,,,,,
2020/4/13,6841.30 ,,,,,,,,,
2020/4/14,6850.90 ,,,,,,,,,
2020/4/15,6629.10 ,,,,,,,,,
2020/4/16,7085.60 ,,,,,,,,,
2020/4/17,7035.80 ,,,,,,,,,
2020/4/18,7230.80 ,,,,,,,,,
2020/4/19,7122.90 ,,,,,,,,,
2020/4/20,6833.50 ,,,,,,,,,
2020/4/21,6842.50 ,,,,,,,,,
2020/4/22,7112.90 ,,,,,,,,,
2020/4/23,7488.50 ,,,,,,,,,
2020/4/24,7503.80 ,,,,,,,,,
2020/4/25,7540.40 ,,,,,,,,,
2020/4/26,7678.90 ,,,,,,,,,
2020/4/27,7766.00 ,,,,,,,,,
2020/4/28,7746.90 ,,,,,,,,,
2020/4/29,8770.90 ,,,,,,,,,
2020/4/30,8629.00 ,,,,,,,,,
2020/5/1,8821.60 ,,,,,,,,,
2020/5/2,8966.30 ,,,,,,,,,
2020/5/3,8885.50 ,,,,,,,,,
2020/5/4,8874.70 ,,,,,,,,,
2020/5/5,9001.00 ,,,,,,,,,
2020/5/6,9151.40 ,,,,,,,,,
2020/5/7,9979.80 ,,,,,,,,,
2020/5/8,9806.20 ,,,,,,,,,
2020/5/9,9554.60 ,,,,,,,,,
2020/5/10,8738.80 ,,,,,,,,,
2020/5/11,8579.80 ,,,,,,,,,
2020/5/12,8813.80 ,,,,,,,,,
2020/5/13,9298.70 ,,,,,,,,,
2020/5/14,9778.40 ,,,,,,,,,
2020/5/15,9318.00 ,,,,,,,,,
2020/5/16,9379.50 ,,,,,,,,,
2020/5/17,9677.70 ,,,,,,,,,
2020/5/18,9730.70 ,,,,,,,,,
2020/5/19,9773.30 ,,,,,,,,,
2020/5/20,9512.30 ,,,,,,,,,
2020/5/21,9059.00 ,,,,,,,,,
2020/5/22,9169.70 ,,,,,,,,,
2020/5/23,9177.00 ,,,,,,,,,
2020/5/24,8728.20 ,,,,,,,,,
2020/5/25,8898.20 ,,,,,,,,,
2020/5/26,8842.50 ,,,,,,,,,
2020/5/27,9199.10 ,,,,,,,,,
2020/5/28,9572.20 ,,,,,,,,,
2020/5/29,9424.80 ,,,,,,,,,
2020/5/30,9692.50 ,,,,,,,,,
2020/5/31,9454.80 ,,,,,,,,,
2020/6/1,10189.30 ,,,,,,,,,
2020/6/2,9527.60 ,,,,,,,,,
2020/6/3,9667.20 ,,,,,,,,,
2020/6/4,9794.40 ,,,,,,,,,
2020/6/5,9631.20 ,,,,,,,,,
2020/6/6,9669.60 ,,,,,,,,,
2020/6/7,9742.60 ,,,,,,,,,
2020/6/8,9777.90 ,,,,,,,,,
2020/6/9,9768.80 ,,,,,,,,,
2020/6/10,9878.80 ,,,,,,,,,
2020/6/11,9283.20 ,,,,,,,,,
2020/6/12,9466.60 ,,,,,,,,,
2020/6/13,9471.30 ,,,,,,,,,
2020/6/14,9345.30 ,,,,,,,,,
2020/6/15,9425.40 ,,,,,,,,,
2020/6/16,9523.50 ,,,,,,,,,
2020/6/17,9464.60 ,,,,,,,,,
2020/6/18,9388.10 ,,,,,,,,,
2020/6/19,9314.00 ,,,,,,,,,
2020/6/20,9358.80 ,,,,,,,,,
2020/6/21,9296.40 ,,,,,,,,,
2020/6/22,9683.70 ,,,,,,,,,
2020/6/23,9624.60 ,,,,,,,,,
2020/6/24,9302.00 ,,,,,,,,,
2020/6/25,9247.50 ,,,,,,,,,
2020/6/26,9160.00 ,,,,,,,,,
2020/6/27,9008.30 ,,,,,,,,,
2020/6/28,9124.00 ,,,,,,,,,
2020/6/29,9185.40 ,,,,,,,,,
2020/6/30,9135.40 ,,,,,,,,,
2020/7/1,9229.90 ,,,,,,,,,
2020/7/2,9085.10 ,,,,,,,,,
2020/7/3,9067.10 ,,,,,,,,,
2020/7/4,9134.40 ,,,,,,,,,
2020/7/5,9081.00 ,,,,,,,,,
2020/7/6,9339.00 ,,,,,,,,,
2020/7/7,9256.00 ,,,,,,,,,
2020/7/8,9429.90 ,,,,,,,,,
2020/7/9,9235.70 ,,,,,,,,,
2020/7/10,9285.10 ,,,,,,,,,
2020/7/11,9233.30 ,,,,,,,,,
2020/7/12,9300.80 ,,,,,,,,,
2020/7/13,9243.60 ,,,,,,,,,
2020/7/14,9253.40 ,,,,,,,,,
2020/7/15,9198.70 ,,,,,,,,,
2020/7/16,9135.30 ,,,,,,,,,
2020/7/17,9155.80 ,,,,,,,,,
2020/7/18,9170.20 ,,,,,,,,,
2020/7/19,9208.00 ,,,,,,,,,
2020/7/20,9162.40 ,,,,,,,,,
2020/7/21,9387.30 ,,,,,,,,,
2020/7/22,9513.70 ,,,,,,,,,
2020/7/23,9599.60 ,,,,,,,,,
2020/7/24,9546.40 ,,,,,,,,,
2020/7/25,9704.10 ,,,,,,,,,
2020/7/26,9932.50 ,,,,,,,,,
2020/7/27,11022.80 ,,,,,,,,,
2020/7/28,10908.50 ,,,,,,,,,
2020/7/29,11105.90 ,,,,,,,,,
2020/7/30,11096.20 ,,,,,,,,,
2020/7/31,11333.40 ,,,,,,,,,
2020/8/1,11803.10 ,,,,,,,,,
2020/8/2,11066.80 ,,,,,,,,,
2020/8/3,11224.40 ,,,,,,,,,
2020/8/4,11350.50 ,,,,,,,,,
